timestamp,cluster
2017-01-04 06:15:00,2
2017-01-08 05:10:00,2
2017-01-18 04:00:00,2
2017-01-18 04:05:00,2
2017-01-18 04:10:00,2
2017-01-20 05:05:00,2
2017-01-20 05:10:00,2
2017-01-20 05:15:00,2
2017-01-23 00:15:00,2
2017-01-23 00:20:00,2
2017-01-23 00:25:00,2
2017-01-23 00:30:00,2
2017-01-23 00:35:00,2
2017-01-23 00:40:00,2
2017-01-23 00:45:00,2
2017-01-23 00:50:00,2
2017-01-23 00:55:00,2
2017-01-23 01:00:00,2
2017-01-23 01:20:00,2
2017-01-23 02:45:00,1
2017-01-23 08:00:00,2
2017-01-23 08:15:00,2
2017-01-23 08:20:00,2
2017-01-23 08:30:00,2
2017-01-23 15:20:00,2
2017-01-23 15:25:00,2
2017-01-23 15:30:00,2
2017-01-23 15:35:00,2
2017-01-23 15:40:00,2
2017-01-23 15:55:00,2
2017-01-23 16:00:00,2
2017-01-23 16:10:00,2
2017-01-23 16:15:00,2
2017-01-23 16:20:00,2
2017-01-23 16:25:00,2
2017-01-23 16:30:00,2
2017-01-23 16:35:00,2
2017-01-23 16:40:00,2
2017-01-23 16:50:00,2
2017-01-25 01:00:00,2
2017-01-25 01:05:00,2
2017-01-25 01:10:00,2
2017-01-25 18:00:00,2
2017-01-25 18:05:00,2
2017-01-25 18:10:00,2
2017-01-25 18:15:00,2
2017-01-25 18:20:00,2
2017-01-25 18:25:00,2
2017-01-26 10:15:00,2
2017-01-26 10:35:00,2
2017-01-26 10:40:00,2
2017-01-26 10:45:00,2
2017-01-26 11:10:00,2
2017-01-26 11:15:00,2
2017-01-26 11:20:00,2
2017-01-26 11:25:00,2
2017-01-26 13:50:00,2
2017-01-26 13:55:00,2
2017-01-26 14:00:00,2
2017-01-26 14:05:00,2
2017-01-28 17:25:00,2
2017-01-28 17:30:00,2
2017-01-28 17:35:00,2
2017-01-28 17:40:00,2
2017-01-28 17:45:00,2
2017-01-28 17:50:00,2
2017-01-28 17:55:00,2
2017-01-31 05:20:00,2
2017-01-31 06:00:00,2
2017-01-31 06:05:00,2
2017-02-01 13:35:00,2
2017-02-01 13:40:00,2
2017-02-01 15:45:00,2
2017-02-01 15:50:00,2
2017-02-01 15:55:00,2
2017-02-01 16:00:00,2
2017-02-08 07:45:00,2
2017-02-08 07:50:00,2
2017-02-08 07:55:00,2
2017-02-08 08:00:00,2
2017-02-16 13:00:00,2
2017-02-20 11:55:00,2
2017-02-25 15:15:00,2
2017-02-27 02:15:00,2
2017-03-02 02:50:00,2
2017-03-02 02:55:00,2
2017-03-02 03:00:00,2
2017-03-02 03:05:00,2
2017-03-02 03:10:00,2
2017-03-02 03:15:00,2
2017-03-02 03:20:00,2
2017-03-02 03:25:00,2
2017-03-02 03:30:00,2
2017-03-02 03:35:00,2
2017-03-02 08:00:00,2
2017-03-02 08:05:00,2
2017-03-02 08:10:00,2
2017-03-07 21:30:00,2
2017-03-07 21:35:00,2
2017-03-07 21:40:00,2
2017-03-07 21:45:00,2
2017-03-07 21:50:00,2
2017-03-07 21:55:00,2
2017-03-07 22:00:00,2
2017-03-07 22:05:00,2
2017-03-07 22:10:00,2
2017-03-07 22:15:00,2
2017-03-07 22:20:00,2
2017-03-07 22:25:00,2
2017-03-07 22:30:00,2
2017-03-07 22:35:00,2
2017-03-07 22:40:00,2
2017-03-07 22:45:00,2
2017-03-07 22:50:00,2
2017-03-07 22:55:00,2
2017-03-07 23:25:00,2
2017-03-08 02:00:00,2
2017-03-12 04:05:00,1
2017-03-12 04:35:00,2
2017-03-12 04:40:00,2
2017-03-12 04:45:00,2
2017-03-14 10:55:00,2
2017-03-16 18:20:00,2
2017-03-16 18:25:00,2
2017-03-16 18:30:00,2
2017-03-16 18:35:00,2
2017-03-16 22:40:00,2
2017-03-22 21:35:00,1
2017-03-23 06:40:00,1
2017-03-23 06:50:00,1
2017-03-23 06:55:00,1
2017-03-23 07:00:00,1
2017-03-23 07:05:00,1
2017-03-23 07:10:00,1
2017-03-23 07:15:00,1
2017-03-23 07:30:00,1
2017-03-23 07:35:00,1
2017-03-23 08:30:00,1
2017-03-25 02:30:00,1
2017-03-25 03:15:00,1
2017-03-25 04:10:00,2
2017-03-25 04:40:00,2
2017-03-25 04:45:00,2
2017-03-25 04:50:00,2
2017-03-25 05:05:00,2
2017-03-25 05:10:00,2
2017-03-25 05:15:00,2
2017-03-25 05:20:00,2
2017-03-25 05:25:00,2
2017-03-25 05:30:00,2
2017-03-25 05:35:00,2
2017-03-25 05:40:00,2
2017-03-25 06:00:00,2
2017-03-25 06:05:00,2
2017-03-25 06:10:00,2
2017-03-25 06:15:00,2
2017-03-25 06:35:00,2
2017-03-25 06:45:00,2
2017-03-25 06:50:00,2
2017-03-25 07:00:00,2
2017-03-25 07:05:00,2
2017-03-25 07:10:00,2
2017-03-25 07:20:00,2
2017-03-25 07:25:00,2
2017-03-25 10:10:00,2
2017-03-25 10:15:00,2
2017-03-25 10:20:00,2
2017-03-25 10:30:00,2
2017-03-25 10:35:00,2
2017-03-25 10:50:00,2
2017-03-25 10:55:00,2
2017-03-25 11:00:00,2
2017-03-26 01:45:00,2
2017-03-26 01:50:00,2
2017-03-26 01:55:00,2
2017-03-26 02:00:00,2
2017-03-26 02:05:00,2
2017-03-26 02:10:00,2
2017-03-26 02:15:00,2
2017-03-26 02:20:00,2
2017-03-27 12:05:00,2
2017-03-27 12:30:00,2
2017-03-27 12:35:00,2
2017-03-27 12:40:00,2
2017-03-30 21:15:00,2
2017-03-30 22:05:00,2
2017-03-30 22:15:00,0
2017-03-30 22:20:00,0
2017-03-30 23:30:00,1
2017-03-31 00:05:00,2
2017-03-31 00:10:00,2
2017-03-31 00:40:00,2
2017-03-31 00:45:00,2
2017-03-31 00:50:00,2
2017-04-03 15:35:00,2
2017-04-07 01:25:00,2
2017-04-07 02:35:00,2
2017-04-17 19:05:00,2
2017-04-17 19:30:00,2
2017-04-17 19:35:00,2
2017-04-17 19:40:00,2
2017-04-17 19:45:00,2
2017-04-17 19:50:00,2
2017-04-17 19:55:00,2
2017-04-17 20:00:00,2
2017-04-17 20:15:00,2
2017-04-17 20:30:00,2
2017-04-18 00:55:00,2
2017-04-18 09:40:00,2
2017-04-18 09:45:00,2
2017-04-18 10:20:00,2
2017-04-18 10:25:00,2
2017-04-18 10:30:00,2
2017-04-18 10:35:00,2
2017-04-18 10:40:00,2
2017-04-18 10:45:00,2
2017-04-18 10:50:00,2
2017-04-18 10:55:00,2
2017-04-18 11:00:00,2
2017-04-18 11:05:00,2
2017-04-18 11:10:00,2
2017-04-18 11:15:00,2
2017-04-19 20:55:00,2
2017-04-19 21:45:00,2
2017-04-19 21:55:00,2
2017-04-19 22:00:00,2
2017-04-19 22:05:00,2
2017-04-19 22:10:00,2
2017-04-19 22:15:00,2
2017-04-19 22:20:00,2
2017-04-19 22:25:00,2
2017-04-19 22:40:00,2
2017-04-19 22:45:00,2
2017-04-19 22:50:00,2
2017-04-19 22:55:00,2
2017-04-19 23:00:00,2
2017-04-19 23:05:00,2
2017-04-19 23:10:00,2
2017-04-19 23:25:00,2
2017-04-19 23:30:00,2
2017-04-19 23:35:00,2
2017-04-19 23:40:00,2
2017-04-19 23:45:00,2
2017-04-19 23:50:00,2
2017-04-19 23:55:00,2
2017-04-20 00:10:00,2
2017-04-20 00:55:00,2
2017-04-20 01:00:00,2
2017-04-20 01:05:00,2
2017-04-20 01:10:00,2
2017-04-20 01:15:00,2
2017-04-20 01:20:00,2
2017-04-20 01:25:00,2
2017-04-20 01:30:00,2
2017-04-22 19:40:00,2
2017-05-09 12:15:00,2
2017-05-09 12:40:00,2
2017-05-09 12:45:00,2
2017-05-09 12:50:00,2
2017-05-09 13:25:00,2
2017-05-11 18:50:00,2
2017-05-19 00:30:00,2
2017-05-19 00:35:00,2
2017-05-19 00:40:00,2
2017-05-19 00:45:00,2
2017-05-19 00:50:00,2
2017-05-19 15:05:00,1
2017-05-19 15:10:00,1
2017-05-19 15:15:00,1
2017-05-19 15:20:00,1
2017-05-19 15:25:00,1
2017-05-22 00:25:00,1
2017-05-29 22:05:00,1
2017-05-29 22:10:00,1
2017-05-29 22:15:00,1
2017-05-30 20:35:00,1
2017-05-30 21:00:00,1
2017-05-30 21:05:00,1
2017-05-30 21:10:00,1
2017-05-30 21:15:00,1
2017-05-30 21:40:00,2
2017-05-30 21:45:00,2
2017-05-30 22:15:00,2
2017-05-30 22:20:00,2
2017-05-30 22:25:00,2
2017-05-30 22:30:00,2
2017-05-30 22:45:00,2
2017-05-30 22:50:00,2
2017-05-30 22:55:00,2
2017-05-31 01:00:00,2
2017-05-31 01:05:00,2
2017-05-31 01:10:00,2
2017-05-31 01:15:00,2
2017-05-31 01:20:00,2
2017-05-31 01:25:00,2
2017-05-31 01:30:00,2
2017-05-31 03:50:00,2
2017-05-31 19:05:00,2
2017-05-31 19:10:00,2
2017-05-31 19:15:00,2
2017-05-31 19:40:00,2
2017-05-31 19:45:00,2
2017-05-31 20:15:00,2
2017-05-31 20:20:00,2
2017-05-31 22:55:00,2
2017-05-31 23:00:00,2
2017-05-31 23:05:00,2
2017-05-31 23:10:00,2
2017-05-31 23:15:00,2
2017-05-31 23:20:00,2
2017-05-31 23:35:00,2
2017-05-31 23:45:00,2
2017-06-01 00:25:00,2
2017-06-01 00:30:00,2
2017-06-01 00:35:00,2
2017-06-01 00:40:00,2
2017-06-01 00:45:00,2
2017-06-01 00:50:00,2
2017-06-01 00:55:00,2
2017-06-01 01:00:00,2
2017-06-01 01:05:00,2
2017-06-01 01:15:00,2
2017-06-01 02:20:00,2
2017-06-01 02:25:00,2
2017-06-01 02:30:00,2
2017-06-01 09:25:00,2
2017-06-01 09:30:00,2
2017-06-01 09:35:00,2
2017-06-01 09:40:00,2
2017-06-01 09:50:00,2
2017-06-03 16:05:00,2
2017-06-03 17:05:00,2
2017-06-03 17:15:00,2
2017-06-04 16:50:00,2
2017-06-04 16:55:00,2
2017-06-04 17:00:00,2
2017-06-04 17:05:00,2
2017-06-04 17:15:00,2
2017-06-05 00:30:00,2
2017-06-05 13:50:00,2
2017-06-05 13:55:00,2
2017-06-05 14:00:00,2
2017-06-05 14:05:00,2
2017-06-05 14:25:00,2
2017-06-05 14:30:00,2
2017-06-05 14:35:00,2
2017-06-05 14:40:00,2
2017-06-06 14:45:00,2
2017-06-09 02:20:00,3
2017-06-09 02:25:00,3
2017-06-09 02:30:00,0
2017-06-09 03:20:00,2
2017-06-09 03:25:00,2
2017-06-12 14:00:00,2
2017-06-12 14:10:00,2
2017-06-12 14:15:00,2
2017-06-12 16:05:00,2
2017-06-12 16:45:00,2
2017-06-14 06:10:00,2
2017-06-14 06:15:00,2
2017-06-14 06:20:00,2
2017-06-14 06:25:00,2
2017-06-14 06:30:00,2
2017-06-14 06:35:00,2
2017-06-14 06:40:00,2
2017-06-14 06:45:00,2
2017-06-14 06:55:00,2
2017-06-14 07:00:00,2
2017-06-14 07:20:00,2
2017-06-14 07:25:00,2
2017-06-16 20:00:00,2
2017-06-16 20:05:00,2
2017-06-16 20:10:00,2
2017-06-16 20:15:00,2
2017-06-16 20:20:00,2
2017-06-16 20:25:00,2
2017-06-16 20:30:00,2
2017-06-16 20:35:00,2
2017-06-16 20:40:00,2
2017-06-16 20:45:00,2
2017-06-16 20:50:00,2
2017-06-16 20:55:00,2
2017-06-16 21:20:00,2
2017-06-16 22:40:00,2
2017-06-16 22:45:00,2
2017-06-16 23:30:00,2
2017-06-16 23:35:00,2
2017-06-16 23:40:00,2
2017-06-16 23:50:00,2
2017-06-17 00:05:00,2
2017-06-24 21:00:00,2
2017-06-24 21:15:00,2
2017-06-24 21:20:00,2
2017-06-24 21:25:00,2
2017-06-26 10:40:00,2
2017-06-26 10:45:00,2
2017-06-26 11:40:00,2
2017-06-26 11:45:00,2
2017-06-27 20:30:00,2
2017-06-28 13:05:00,2
2017-06-28 13:40:00,2
2017-06-28 13:45:00,2
2017-06-28 13:50:00,2
2017-06-28 13:55:00,2
2017-06-28 14:00:00,2
2017-06-28 14:05:00,2
2017-06-30 17:05:00,2
2017-07-20 12:10:00,1
2017-07-20 13:35:00,2
2017-07-20 13:40:00,2
2017-07-20 13:45:00,2
2017-07-20 13:50:00,2
2017-07-20 13:55:00,2
2017-07-20 14:00:00,2
2017-07-20 14:05:00,2
2017-07-20 14:10:00,2
2017-07-20 14:15:00,2
2017-07-20 14:20:00,2
2017-07-28 02:00:00,2
2017-07-28 02:05:00,2
2017-07-28 02:15:00,2
2017-07-28 23:20:00,2
2017-07-31 04:30:00,2
2017-07-31 07:55:00,1
2017-07-31 16:25:00,2
2017-07-31 16:30:00,2
2017-07-31 16:35:00,2
2017-07-31 16:45:00,2
2017-07-31 16:50:00,2
2017-07-31 16:55:00,2
2017-07-31 17:00:00,2
2017-07-31 17:05:00,2
2017-07-31 17:35:00,2
2017-07-31 18:10:00,2
2017-08-05 05:10:00,1
2017-08-05 05:50:00,2
2017-08-06 09:10:00,2
2017-08-09 14:50:00,2
2017-08-09 15:15:00,2
2017-08-09 15:20:00,2
2017-08-09 15:30:00,2
2017-08-09 15:35:00,2
2017-08-20 00:40:00,2
2017-08-20 00:45:00,2
2017-08-20 22:20:00,2
2017-08-20 22:25:00,2
2017-08-28 14:30:00,2
2017-09-09 12:45:00,1
2017-09-09 12:50:00,1
2017-09-09 13:30:00,2
2017-09-09 13:35:00,2
2017-09-09 13:40:00,2
2017-09-09 13:45:00,2
2017-09-09 13:50:00,2
2017-09-09 13:55:00,2
2017-09-09 14:00:00,2
2017-09-09 14:05:00,2
2017-09-09 14:10:00,2
2017-09-09 14:15:00,2
2017-09-09 14:20:00,2
2017-09-09 14:25:00,2
2017-09-09 14:30:00,2
2017-09-09 14:35:00,2
2017-09-09 14:45:00,2
2017-09-09 15:05:00,2
2017-09-09 15:50:00,2
2017-09-11 07:20:00,2
2017-09-11 07:25:00,2
2017-09-11 07:30:00,2
2017-09-11 07:35:00,2
2017-09-11 07:40:00,2
2017-09-11 07:45:00,2
2017-09-13 23:45:00,2
2017-09-13 23:50:00,2
2017-09-13 23:55:00,2
2017-09-14 00:00:00,2
2017-09-14 02:50:00,1
2017-09-14 03:35:00,2
2017-09-14 03:40:00,2
2017-09-14 03:45:00,2
2017-09-14 04:05:00,2
2017-09-14 04:10:00,2
2017-09-14 04:20:00,2
2017-09-14 04:55:00,2
2017-09-16 17:15:00,0
2017-09-17 16:45:00,2
2017-09-17 16:50:00,2
2017-09-17 16:55:00,2
2017-09-17 17:00:00,2
2017-09-17 17:05:00,2
2017-09-17 17:10:00,2
2017-09-17 17:15:00,2
2017-09-17 19:05:00,1
2017-09-17 19:10:00,1
2017-09-17 19:55:00,2
2017-09-17 20:00:00,2
2017-09-17 20:05:00,2
2017-09-17 20:10:00,2
2017-09-17 20:15:00,2
2017-09-17 20:20:00,2
2017-09-17 20:25:00,2
2017-09-17 20:30:00,2
2017-09-19 01:10:00,2
2017-09-19 01:15:00,2
2017-09-19 01:20:00,2
2017-09-19 01:25:00,2
2017-09-19 01:30:00,2
2017-09-19 01:35:00,2
2017-09-19 01:40:00,2
2017-09-19 01:45:00,2
2017-09-19 01:50:00,2
2017-09-19 01:55:00,2
2017-09-19 02:00:00,2
2017-09-19 02:05:00,2
2017-09-19 02:10:00,2
2017-09-19 02:15:00,2
2017-10-11 21:45:00,0
2017-10-11 21:50:00,0
2017-10-11 21:55:00,0
2017-10-11 22:00:00,0
2017-10-11 22:05:00,0
2017-10-11 22:10:00,2
2017-10-11 22:15:00,2
2017-10-11 22:20:00,2
2017-10-11 22:25:00,2
2017-10-11 22:30:00,2
2017-10-11 22:35:00,2
2017-10-11 22:40:00,2
2017-10-11 22:45:00,2
2017-10-11 22:50:00,2
2017-10-11 22:55:00,2
2017-10-11 23:00:00,1
2017-10-11 23:05:00,1
2017-10-11 23:10:00,1
2017-10-11 23:15:00,1
2017-10-17 15:40:00,1
2017-10-17 18:15:00,1
2017-10-19 07:05:00,1
2017-10-19 07:25:00,2
2017-10-19 07:30:00,2
2017-10-19 07:35:00,2
2017-10-19 07:40:00,2
2017-10-19 08:00:00,2
2017-10-19 08:05:00,2
2017-10-19 08:10:00,2
2017-10-19 08:15:00,2
2017-10-19 08:20:00,2
2017-10-19 08:25:00,2
2017-10-19 08:30:00,2
2017-10-19 08:35:00,2
2017-10-19 08:40:00,2
2017-10-19 08:45:00,2
2017-10-19 08:50:00,2
2017-10-19 08:55:00,2
2017-10-19 09:00:00,2
2017-10-19 09:05:00,2
2017-10-19 09:20:00,2
2017-10-19 09:25:00,2
2017-10-19 09:30:00,2
2017-10-19 09:40:00,2
2017-10-19 09:45:00,2
2017-10-19 09:50:00,2
2017-10-19 10:05:00,2
2017-10-19 10:10:00,2
2017-10-19 10:15:00,2
2017-10-19 10:20:00,2
2017-10-19 10:25:00,2
2017-10-19 10:30:00,2
2017-10-19 10:35:00,2
2017-10-19 10:40:00,2
2017-10-19 10:45:00,2
2017-10-19 10:50:00,2
2017-10-19 10:55:00,2
2017-10-19 11:00:00,2
2017-10-19 11:05:00,2
2017-10-19 11:10:00,2
2017-10-20 03:20:00,2
2017-10-20 04:25:00,1
2017-10-20 05:55:00,2
2017-10-20 14:00:00,1
2017-10-21 09:45:00,2
2017-10-21 09:50:00,2
2017-10-21 19:35:00,2
2017-10-21 19:40:00,2
2017-10-21 19:45:00,2
2017-10-21 20:15:00,2
2017-10-21 20:20:00,2
2017-10-23 13:45:00,2
2017-10-23 18:20:00,2
2017-10-23 18:25:00,2
2017-10-23 18:30:00,2
2017-10-23 20:45:00,2
2017-10-23 20:50:00,2
2017-10-25 10:10:00,2
2017-10-27 18:45:00,2
2017-10-27 18:50:00,2
2017-10-27 18:55:00,2
2017-10-27 19:00:00,2
2017-10-27 19:05:00,2
2017-10-27 19:45:00,2
2017-10-27 19:50:00,2
2017-10-27 19:55:00,2
2017-10-27 20:00:00,2
2017-10-28 15:00:00,2
2017-10-31 23:35:00,1
2017-11-01 00:15:00,2
2017-11-01 00:20:00,2
2017-11-01 00:25:00,2
2017-11-01 20:05:00,1
2017-11-04 09:45:00,2
2017-11-16 19:15:00,2
2017-11-17 10:45:00,2
2017-11-17 10:50:00,2
2017-11-17 10:55:00,2
2017-11-18 19:10:00,2
2017-11-19 11:25:00,2
2017-11-19 11:30:00,2
2017-11-28 16:15:00,1
2017-11-28 16:20:00,1
2017-11-28 16:25:00,1
2017-11-28 16:30:00,1
2017-11-28 16:35:00,1
2017-11-28 16:40:00,1
2017-11-28 16:45:00,1
2017-11-28 16:50:00,1
2017-12-08 21:05:00,1
2017-12-08 21:10:00,1
2017-12-08 21:15:00,2
2017-12-08 21:20:00,2
2017-12-08 21:25:00,2
2017-12-08 22:00:00,2
2017-12-08 23:45:00,2
2017-12-09 01:00:00,2
2017-12-09 03:55:00,2
2017-12-09 04:00:00,2
2017-12-09 04:10:00,2
2017-12-09 05:25:00,2
2017-12-09 05:30:00,2
2017-12-09 09:35:00,2
2017-12-09 10:30:00,2
2017-12-09 10:35:00,2
2017-12-09 10:40:00,2
2017-12-09 10:45:00,2
2017-12-09 10:50:00,2
2017-12-09 11:20:00,2
2017-12-12 11:25:00,2
2017-12-12 11:30:00,2
2017-12-12 11:35:00,2
2017-12-12 11:40:00,2
2017-12-12 11:55:00,2
2017-12-12 12:00:00,2
2017-12-12 12:05:00,2
2017-12-12 22:10:00,0
2017-12-12 22:15:00,0
2017-12-12 23:35:00,3
2017-12-12 23:40:00,3
2017-12-12 23:45:00,3
2017-12-12 23:50:00,3
2017-12-13 00:20:00,2
2017-12-13 00:50:00,2
2017-12-13 00:55:00,2
2017-12-13 01:10:00,2
2017-12-25 07:05:00,1
2017-12-25 07:45:00,2
2017-12-25 07:50:00,2
2017-12-25 09:00:00,2
2017-12-25 09:05:00,2
2017-12-25 09:10:00,2
2017-12-25 09:15:00,2
2017-12-25 09:20:00,2
2017-12-25 09:25:00,2
2017-12-25 09:30:00,2
2017-12-25 09:35:00,2
2017-12-25 09:50:00,2
2017-12-25 09:55:00,2
2017-12-25 10:00:00,2
2017-12-25 10:05:00,2
2017-12-25 10:20:00,2
2017-12-25 10:35:00,2
2017-12-25 12:05:00,2
2017-12-25 14:00:00,2
2017-12-25 14:05:00,2
2017-12-25 14:10:00,2
2017-12-25 14:20:00,2
2017-12-25 14:25:00,2
2017-12-27 10:25:00,2
2017-12-27 21:00:00,2
2017-12-27 21:10:00,2
2017-12-28 12:10:00,2
2017-12-28 12:15:00,2
2017-12-29 04:00:00,2
2017-12-29 07:25:00,2
2017-12-29 07:30:00,2
2017-12-29 07:35:00,2
2017-12-29 07:40:00,2
2017-12-29 07:45:00,2
2017-12-29 07:50:00,2
2018-01-01 12:45:00,2
2018-01-01 15:30:00,2
2018-01-01 15:45:00,2
2018-01-01 15:50:00,2
2018-01-01 15:55:00,2
2018-01-01 16:00:00,2
2018-01-04 03:15:00,2
2018-01-08 10:25:00,2
2018-01-16 19:30:00,2
2018-01-16 19:35:00,2
2018-01-16 19:40:00,2
2018-01-16 19:45:00,2
2018-01-16 19:50:00,2
2018-01-16 19:55:00,2
2018-01-16 20:00:00,2
2018-01-16 20:05:00,2
2018-01-18 03:20:00,2
2018-01-18 03:40:00,2
2018-01-19 12:15:00,2
2018-01-31 11:55:00,2
2018-02-01 16:15:00,1
2018-02-01 16:50:00,1
2018-02-01 16:55:00,1
2018-02-01 17:20:00,2
2018-02-01 17:25:00,2
2018-02-01 17:30:00,2
2018-02-01 17:35:00,2
2018-02-01 17:40:00,2
2018-02-01 17:45:00,2
2018-02-01 18:20:00,1
2018-02-01 18:25:00,1
2018-02-01 18:30:00,1
2018-02-01 18:35:00,1
2018-02-01 18:40:00,1
2018-02-02 00:20:00,1
2018-02-02 00:25:00,1
2018-02-02 00:30:00,1
2018-02-02 00:35:00,1
2018-02-02 00:40:00,1
2018-02-02 00:45:00,1
2018-02-02 01:35:00,1
2018-02-02 01:50:00,1
2018-02-02 01:55:00,1
2018-02-02 02:00:00,1
2018-02-02 02:05:00,1
2018-02-02 02:10:00,1
2018-02-02 02:15:00,1
2018-02-02 02:20:00,1
2018-02-02 02:25:00,1
2018-02-02 02:30:00,1
2018-02-02 02:35:00,1
2018-02-02 02:45:00,1
2018-02-02 09:10:00,2
2018-02-02 09:15:00,2
2018-02-02 09:20:00,2
2018-02-02 09:25:00,2
2018-02-02 09:30:00,2
2018-02-02 09:35:00,2
2018-02-02 09:40:00,2
2018-02-02 09:45:00,2
2018-02-02 09:50:00,2
2018-02-02 09:55:00,2
2018-02-02 10:05:00,2
2018-02-02 10:10:00,2
2018-02-02 10:15:00,2
2018-02-02 10:20:00,2
2018-02-02 10:25:00,2
2018-02-02 10:30:00,2
2018-02-02 10:35:00,2
2018-02-02 10:40:00,2
2018-02-02 10:45:00,2
2018-02-02 10:50:00,2
2018-02-02 11:10:00,2
2018-02-02 11:15:00,2
2018-02-02 11:20:00,2
2018-02-02 11:25:00,2
2018-02-02 11:30:00,2
2018-02-02 20:30:00,2
2018-02-03 08:35:00,2
2018-02-03 08:40:00,2
2018-02-03 08:55:00,2
2018-02-07 17:35:00,2
2018-02-11 16:40:00,2
2018-02-11 16:45:00,2
2018-02-11 16:50:00,2
2018-02-11 16:55:00,2
2018-02-11 17:00:00,2
2018-02-11 17:05:00,2
2018-02-11 17:10:00,2
2018-02-11 17:15:00,2
2018-02-11 17:20:00,2
2018-02-11 17:25:00,2
2018-02-11 18:00:00,2
2018-02-11 18:40:00,2
2018-02-11 19:00:00,2
2018-02-11 19:05:00,2
2018-02-14 10:50:00,2
2018-02-14 11:05:00,2
2018-02-14 11:10:00,2
2018-02-16 10:45:00,1
2018-02-17 10:10:00,1
2018-02-17 10:15:00,1
2018-02-17 10:20:00,1
2018-02-17 10:35:00,2
2018-02-17 10:40:00,2
2018-02-17 10:45:00,2
2018-02-17 10:50:00,2
2018-02-17 10:55:00,2
2018-02-17 11:00:00,2
2018-02-17 11:05:00,2
2018-02-17 11:10:00,2
2018-02-17 11:15:00,2
2018-02-17 11:20:00,2
2018-02-17 11:25:00,2
2018-02-17 11:30:00,2
2018-02-17 11:35:00,2
2018-02-17 11:40:00,2
2018-02-17 11:45:00,2
2018-02-17 11:50:00,2
2018-02-17 11:55:00,2
2018-02-17 12:00:00,2
2018-02-17 12:05:00,2
2018-02-17 12:10:00,2
2018-02-17 12:15:00,2
2018-02-17 12:20:00,2
2018-02-17 12:25:00,2
2018-02-17 12:30:00,2
2018-02-17 12:55:00,2
2018-02-17 13:00:00,2
2018-02-17 13:05:00,2
2018-02-17 13:40:00,2
2018-02-17 13:55:00,2
2018-02-17 22:55:00,2
2018-02-17 23:00:00,2
2018-02-19 00:35:00,2
2018-02-19 21:00:00,1
2018-02-19 21:10:00,1
2018-02-19 23:45:00,1
2018-02-19 23:50:00,1
2018-02-19 23:55:00,1
2018-02-20 00:25:00,2
2018-02-20 00:30:00,2
2018-02-20 00:35:00,2
2018-02-20 00:40:00,2
2018-02-20 00:45:00,2
2018-02-20 01:00:00,2
2018-02-20 01:05:00,2
2018-02-20 01:10:00,2
2018-02-20 01:15:00,2
2018-02-20 01:20:00,2
2018-02-20 01:25:00,2
2018-02-20 01:30:00,2
2018-02-20 01:55:00,2
2018-02-20 02:00:00,2
2018-02-20 02:05:00,2
2018-02-20 02:10:00,2
2018-02-20 02:15:00,2
2018-02-20 02:20:00,2
2018-02-20 03:00:00,2
2018-02-20 19:05:00,2
2018-02-20 19:15:00,2
2018-02-20 19:20:00,2
2018-02-22 00:55:00,2
2018-02-22 01:00:00,2
2018-02-22 13:30:00,2
2018-02-22 13:35:00,2
2018-02-22 13:40:00,2
2018-02-22 13:45:00,2
2018-02-22 13:50:00,2
2018-02-23 14:05:00,2
2018-02-23 14:25:00,0
2018-02-23 14:30:00,0
2018-02-23 14:35:00,0
2018-02-23 14:40:00,2
2018-02-23 15:15:00,2
2018-02-24 07:05:00,2
2018-02-24 07:10:00,2
2018-02-24 07:15:00,2
2018-02-24 12:45:00,2
2018-02-24 13:25:00,2
2018-02-26 10:00:00,1
2018-02-26 10:05:00,1
2018-02-26 10:20:00,2
2018-02-26 10:25:00,1
2018-02-26 19:05:00,2
2018-02-26 19:10:00,2
2018-02-26 19:15:00,2
2018-02-26 19:20:00,2
2018-02-26 19:25:00,2
2018-02-26 19:30:00,2
2018-02-26 19:35:00,2
2018-02-26 19:40:00,2
2018-02-26 19:45:00,2
2018-02-26 19:50:00,2
2018-02-26 19:55:00,2
2018-02-26 20:00:00,2
2018-02-26 20:05:00,2
2018-02-26 20:10:00,2
2018-02-26 20:15:00,2
2018-02-26 20:20:00,2
2018-02-26 20:30:00,2
2018-02-26 20:35:00,2
2018-02-26 20:40:00,2
2018-02-26 20:45:00,2
2018-02-26 21:15:00,2
2018-02-26 21:20:00,2
2018-02-26 21:25:00,2
2018-02-26 21:35:00,2
2018-02-26 21:40:00,2
2018-02-26 21:45:00,2
2018-02-26 21:55:00,2
2018-02-28 21:00:00,2
2018-02-28 21:05:00,2
2018-02-28 22:35:00,2
2018-02-28 22:40:00,2
2018-02-28 22:45:00,2
2018-02-28 22:50:00,2
2018-02-28 22:55:00,2
2018-03-01 12:55:00,2
2018-03-02 17:20:00,0
2018-03-07 20:00:00,1
2018-03-07 20:05:00,2
2018-03-07 20:45:00,2
2018-03-07 20:50:00,2
2018-03-08 01:50:00,2
2018-03-08 02:00:00,2
2018-03-08 02:05:00,2
2018-03-08 02:10:00,2
2018-03-08 02:15:00,2
2018-03-08 02:20:00,2
2018-03-10 09:50:00,2
2018-03-10 15:25:00,2
2018-03-10 15:35:00,2
2018-03-12 15:00:00,2
2018-03-12 15:05:00,2
2018-03-12 17:35:00,2
2018-03-13 03:05:00,2
2018-03-13 03:10:00,2
2018-03-13 03:15:00,2
2018-03-13 03:20:00,2
2018-03-13 03:25:00,2
2018-03-13 03:30:00,2
2018-03-13 03:35:00,2
2018-03-16 06:00:00,2
2018-03-16 06:25:00,2
2018-03-16 18:20:00,2
2018-03-16 18:25:00,2
2018-03-17 12:10:00,2
2018-03-17 12:25:00,2
2018-03-17 12:30:00,2
2018-03-17 12:35:00,2
2018-03-17 16:50:00,2
2018-03-17 16:55:00,2
2018-03-17 17:00:00,2
2018-03-17 17:05:00,2
2018-03-17 17:10:00,2
2018-03-20 00:45:00,2
2018-03-20 00:50:00,2
2018-03-20 00:55:00,2
2018-03-20 01:00:00,2
2018-03-20 01:05:00,2
2018-03-20 01:10:00,2
2018-03-20 01:15:00,2
2018-03-20 01:20:00,2
2018-03-20 01:25:00,2
2018-03-20 01:40:00,2
2018-03-20 01:45:00,2
2018-03-20 20:10:00,2
2018-03-20 20:20:00,2
2018-03-20 20:25:00,2
2018-03-20 20:30:00,2
2018-03-30 12:25:00,2
2018-03-30 18:20:00,2
2018-04-04 04:00:00,2
2018-04-04 04:05:00,2
2018-04-04 04:10:00,2
2018-04-04 04:20:00,2
2018-04-04 04:25:00,2
2018-04-04 04:30:00,2
2018-04-04 04:35:00,2
2018-04-04 04:40:00,2
2018-04-04 05:30:00,2
2018-04-04 05:50:00,2
2018-04-04 05:55:00,2
2018-04-04 06:05:00,2
2018-04-04 06:10:00,2
2018-04-04 06:20:00,2
2018-04-04 06:30:00,2
2018-04-04 06:45:00,2
2018-04-04 10:10:00,2
2018-04-06 04:10:00,2
2018-04-06 04:35:00,2
2018-04-06 04:50:00,2
2018-04-08 06:15:00,2
2018-04-08 12:25:00,2
2018-04-08 12:30:00,2
2018-04-13 18:55:00,2
2018-04-14 11:45:00,1
2018-04-14 12:10:00,2
2018-04-14 12:15:00,2
2018-04-14 12:20:00,2
2018-04-14 12:25:00,2
2018-04-14 12:30:00,2
2018-04-14 12:35:00,2
2018-04-14 12:40:00,2
2018-04-14 12:45:00,2
2018-04-14 12:50:00,2
2018-04-14 12:55:00,2
2018-04-14 13:00:00,2
2018-04-14 13:05:00,2
2018-04-14 13:10:00,2
2018-04-14 13:15:00,2
2018-04-14 13:30:00,2
2018-04-14 13:35:00,2
2018-04-16 04:00:00,2
2018-04-17 03:05:00,2
2018-04-17 03:30:00,2
2018-04-17 03:35:00,2
2018-04-17 03:40:00,2
2018-04-19 16:55:00,2
2018-04-22 06:40:00,2
2018-04-23 00:10:00,2
2018-04-24 04:40:00,2
2018-04-25 17:30:00,2
2018-04-25 17:35:00,2
2018-04-25 17:40:00,2
2018-04-25 17:50:00,2
2018-04-28 12:15:00,2
2018-04-28 12:20:00,2
2018-04-28 12:25:00,2
2018-04-28 12:30:00,2
2018-04-28 12:35:00,2
2018-04-28 13:15:00,2
2018-04-28 13:20:00,2
2018-04-28 13:25:00,2
2018-04-28 13:30:00,2
2018-04-28 13:35:00,2
2018-04-28 13:40:00,2
2018-04-28 13:45:00,2
2018-04-28 13:50:00,2
2018-04-28 13:55:00,2
2018-04-28 14:00:00,2
2018-04-28 14:05:00,2
2018-04-28 14:10:00,2
2018-04-28 14:15:00,2
2018-04-28 14:20:00,2
2018-04-28 14:25:00,2
2018-04-28 14:30:00,2
2018-04-28 14:35:00,2
2018-04-28 14:40:00,2
2018-04-28 15:05:00,2
2018-04-28 15:10:00,2
2018-04-28 15:15:00,2
2018-04-28 15:20:00,2
2018-04-28 15:25:00,2
2018-04-28 17:25:00,2
2018-04-28 17:40:00,2
2018-04-28 17:45:00,2
2018-04-30 22:25:00,1
2018-04-30 22:30:00,3
2018-04-30 22:35:00,1
2018-04-30 22:40:00,1
2018-05-01 16:25:00,2
2018-05-01 16:30:00,2
2018-05-01 16:35:00,2
2018-05-01 16:40:00,2
2018-05-01 16:45:00,2
2018-05-01 16:50:00,2
2018-05-01 16:55:00,2
2018-05-01 17:00:00,2
2018-05-01 18:20:00,2
2018-05-02 18:50:00,1
2018-05-02 19:25:00,2
2018-05-02 19:30:00,2
2018-05-02 20:05:00,2
2018-05-02 21:00:00,2
2018-05-02 21:05:00,2
2018-05-02 21:10:00,2
2018-05-03 21:45:00,2
2018-05-04 15:05:00,2
2018-05-04 15:15:00,2
2018-05-04 15:35:00,2
2018-05-06 16:45:00,2
2018-05-06 16:55:00,2
2018-05-06 17:00:00,2
2018-05-06 17:05:00,2
2018-05-07 06:10:00,2
2018-05-07 06:15:00,2
2018-05-07 06:20:00,2
2018-05-07 06:45:00,2
2018-05-07 06:50:00,2
2018-05-07 18:25:00,2
2018-05-07 19:30:00,1
2018-05-07 20:00:00,2
2018-05-07 20:05:00,2
2018-05-07 20:10:00,2
2018-05-07 20:15:00,2
2018-05-07 20:20:00,2
2018-05-07 20:25:00,2
2018-05-07 20:30:00,2
2018-05-07 20:35:00,2
2018-05-07 20:40:00,2
2018-05-07 20:45:00,2
2018-05-07 20:50:00,2
2018-05-07 20:55:00,2
2018-05-07 21:00:00,2
2018-05-07 21:05:00,2
2018-05-07 21:10:00,2
2018-05-07 21:15:00,2
2018-05-07 21:20:00,2
2018-05-07 21:25:00,2
2018-05-08 03:55:00,2
2018-05-08 04:00:00,2
2018-05-08 04:15:00,2
2018-05-08 04:20:00,2
2018-05-08 04:25:00,2
2018-05-08 04:30:00,2
2018-05-08 04:35:00,2
2018-05-08 04:40:00,2
2018-05-08 04:45:00,2
2018-05-08 04:50:00,2
2018-05-08 04:55:00,2
2018-05-08 05:00:00,2
2018-05-08 05:05:00,2
2018-05-08 05:20:00,2
2018-05-08 05:25:00,2
2018-05-08 05:30:00,2
2018-05-08 05:35:00,2
2018-05-08 07:55:00,2
2018-05-08 09:50:00,2
2018-05-08 10:50:00,2
2018-05-08 10:55:00,2
2018-05-08 11:15:00,2
2018-05-08 11:20:00,2
2018-05-08 11:25:00,2
2018-05-08 11:30:00,2
2018-05-08 11:35:00,2
2018-05-08 11:40:00,2
2018-05-08 11:45:00,2
2018-05-08 11:50:00,2
2018-05-08 12:00:00,2
2018-05-08 12:05:00,2
2018-05-08 12:10:00,2
2018-05-08 12:30:00,2
2018-05-08 12:35:00,2
2018-05-08 12:40:00,2
2018-05-08 12:45:00,2
2018-05-08 20:00:00,2
2018-05-08 20:10:00,2
2018-05-08 20:20:00,2
2018-05-08 20:25:00,2
2018-05-08 20:40:00,2
2018-05-09 12:25:00,1
2018-05-09 12:30:00,1
2018-05-09 12:35:00,1
2018-05-09 14:15:00,2
2018-05-09 14:20:00,2
2018-05-09 14:25:00,2
2018-05-09 14:30:00,2
2018-05-09 14:35:00,2
2018-05-09 14:40:00,2
2018-05-09 14:45:00,2
2018-05-09 14:50:00,2
2018-05-09 15:05:00,2
2018-05-09 15:10:00,2
2018-05-09 15:20:00,2
2018-05-10 11:10:00,2
2018-05-10 11:40:00,1
2018-05-10 12:20:00,2
2018-05-10 12:25:00,2
2018-05-10 12:30:00,2
2018-05-10 12:35:00,2
2018-05-16 11:35:00,0
2018-05-16 11:40:00,0
2018-05-16 11:45:00,0
2018-05-16 17:35:00,2
2018-05-16 17:40:00,2
2018-05-16 17:45:00,2
2018-05-16 17:50:00,2
2018-05-16 17:55:00,2
2018-05-16 18:00:00,2
2018-05-16 18:05:00,2
2018-05-16 18:10:00,2
2018-05-16 18:15:00,2
2018-05-16 18:20:00,2
2018-05-16 18:25:00,2
2018-05-16 18:30:00,2
2018-05-16 18:35:00,2
2018-05-16 20:55:00,0
2018-05-16 21:00:00,0
2018-05-16 22:10:00,2
2018-05-16 22:15:00,2
2018-05-16 22:20:00,2
2018-05-17 17:20:00,2
2018-05-17 22:55:00,2
2018-05-18 08:25:00,2
2018-05-18 18:20:00,2
2018-05-19 14:15:00,2
2018-05-20 20:05:00,2
2018-05-21 02:35:00,2
2018-05-22 00:40:00,2
2018-05-22 00:45:00,2
2018-05-22 00:50:00,2
2018-05-22 00:55:00,2
2018-05-22 01:00:00,2
2018-05-23 22:20:00,1
2018-05-23 22:25:00,1
2018-05-23 22:55:00,2
2018-05-23 23:00:00,2
2018-05-23 23:05:00,2
2018-05-23 23:30:00,0
2018-05-24 00:15:00,2
2018-05-24 00:20:00,2
2018-05-24 00:25:00,2
2018-05-24 01:35:00,0
2018-05-25 06:20:00,2
2018-05-25 06:25:00,2
2018-05-25 06:30:00,2
2018-05-25 22:05:00,2
2018-05-25 22:15:00,2
2018-05-26 20:30:00,2
2018-05-26 20:55:00,2
2018-05-26 23:05:00,2
2018-05-29 00:20:00,2
2018-05-29 01:05:00,2
2018-05-29 01:10:00,2
2018-05-29 10:45:00,2
2018-05-29 16:50:00,2
2018-05-30 03:45:00,2
2018-05-30 14:35:00,2
2018-05-30 14:45:00,2
2018-05-31 08:05:00,2
2018-05-31 08:10:00,2
2018-05-31 08:15:00,2
2018-05-31 08:20:00,2
2018-05-31 08:25:00,2
2018-05-31 08:45:00,2
2018-05-31 08:50:00,2
2018-05-31 09:00:00,2
2018-05-31 09:05:00,2
2018-05-31 09:40:00,2
2018-05-31 09:55:00,2
2018-06-01 02:40:00,2
2018-06-01 02:55:00,2
2018-06-01 03:00:00,2
2018-06-02 06:55:00,2
2018-06-02 07:00:00,2
2018-06-02 07:05:00,2
2018-06-02 11:15:00,2
2018-06-02 11:35:00,2
2018-06-02 11:40:00,2
2018-06-02 16:25:00,2
2018-06-04 15:55:00,0
2018-06-04 19:35:00,2
2018-06-04 19:40:00,2
2018-06-04 19:45:00,2
2018-06-04 20:00:00,2
2018-06-05 01:20:00,2
2018-06-05 01:25:00,2
2018-06-05 01:30:00,2
2018-06-05 04:15:00,2
2018-06-05 09:25:00,2
2018-06-05 09:35:00,2
2018-06-05 09:40:00,2
2018-06-05 09:50:00,2
2018-06-05 10:50:00,2
2018-06-05 10:55:00,2
2018-06-05 11:00:00,2
2018-06-05 11:05:00,2
2018-06-05 11:10:00,2
2018-06-05 11:15:00,2
2018-06-05 11:20:00,2
2018-06-05 11:25:00,2
2018-06-05 11:30:00,2
2018-06-05 12:00:00,2
2018-06-05 12:05:00,2
2018-06-05 12:10:00,2
2018-06-05 12:15:00,2
2018-06-05 12:20:00,1
2018-06-05 12:25:00,1
2018-06-05 12:30:00,1
2018-06-07 05:35:00,2
2018-06-07 05:40:00,2
2018-06-07 05:45:00,2
2018-06-07 05:50:00,2
2018-06-07 05:55:00,2
2018-06-07 06:00:00,2
2018-06-07 06:05:00,2
2018-06-07 06:10:00,2
2018-06-07 06:15:00,2
2018-06-07 06:20:00,2
2018-06-07 06:25:00,2
2018-06-07 06:30:00,2
2018-06-07 06:35:00,2
2018-06-07 06:40:00,2
2018-06-07 06:45:00,2
2018-06-07 06:50:00,2
2018-06-07 06:55:00,2
2018-06-07 07:10:00,2
2018-06-07 07:15:00,2
2018-06-07 08:00:00,2
2018-06-07 08:25:00,2
2018-06-07 08:30:00,2
2018-06-07 08:35:00,2
2018-06-07 08:40:00,2
2018-06-07 08:45:00,2
2018-06-07 08:50:00,2
2018-06-07 08:55:00,2
2018-06-07 09:10:00,2
2018-06-07 09:15:00,2
2018-06-07 09:20:00,2
2018-06-07 09:25:00,2
2018-06-07 09:30:00,2
2018-06-07 09:35:00,2
2018-06-07 09:40:00,2
2018-06-07 10:30:00,2
2018-06-07 11:10:00,2
2018-06-07 11:25:00,2
2018-06-07 11:30:00,2
2018-06-07 11:35:00,2
2018-06-07 11:40:00,2
2018-06-07 11:50:00,2
2018-06-09 22:50:00,2
2018-06-09 23:10:00,0
2018-06-09 23:25:00,2
2018-06-10 00:35:00,2
2018-06-10 04:50:00,2
2018-06-10 04:55:00,2
2018-06-10 05:00:00,2
2018-06-10 05:05:00,2
2018-06-10 05:50:00,2
2018-06-10 05:55:00,2
2018-06-10 06:20:00,2
2018-06-10 06:25:00,2
2018-06-10 15:10:00,2
2018-06-10 15:15:00,2
2018-06-10 15:55:00,2
2018-06-11 20:05:00,2
2018-06-12 01:20:00,2
2018-06-12 01:25:00,2
2018-06-12 01:30:00,2
2018-06-12 03:45:00,2
2018-06-12 04:25:00,2
2018-06-12 10:40:00,2
2018-06-15 13:35:00,0
2018-06-16 09:00:00,2
2018-06-16 09:05:00,2
2018-06-16 09:10:00,2
2018-06-16 09:15:00,2
2018-06-16 09:20:00,2
2018-06-16 09:25:00,2
2018-06-18 05:45:00,2
2018-06-18 05:50:00,2
2018-06-18 05:55:00,2
2018-06-18 06:00:00,2
2018-06-18 06:05:00,2
2018-06-18 06:10:00,2
2018-06-18 06:15:00,2
2018-06-18 06:20:00,2
2018-06-18 06:25:00,2
2018-06-18 06:30:00,2
2018-06-18 06:50:00,2
2018-06-18 07:20:00,2
2018-06-18 07:30:00,2
2018-06-18 07:35:00,2
2018-06-18 07:45:00,2
2018-06-18 07:55:00,2
2018-06-18 13:00:00,2
2018-06-18 20:25:00,2
2018-06-18 20:30:00,2
2018-06-18 20:35:00,2
2018-06-18 20:40:00,2
2018-06-18 20:45:00,2
2018-06-18 20:50:00,2
2018-06-18 22:25:00,2
2018-06-18 23:05:00,2
2018-06-19 15:20:00,2
2018-06-19 15:25:00,2
2018-06-19 15:30:00,2
2018-06-19 15:35:00,2
2018-06-19 15:40:00,2
2018-06-19 15:45:00,2
2018-06-19 15:50:00,2
2018-06-19 15:55:00,2
2018-06-19 16:00:00,2
2018-06-19 16:05:00,2
2018-06-19 16:10:00,2
2018-06-19 17:00:00,2
2018-06-19 17:05:00,2
2018-06-19 17:10:00,2
2018-06-19 17:20:00,2
2018-06-19 19:20:00,2
2018-06-19 19:25:00,2
2018-06-19 19:30:00,2
2018-06-19 20:40:00,2
2018-06-19 20:45:00,2
2018-06-19 20:50:00,2
2018-06-19 22:15:00,2
2018-06-19 23:05:00,1
2018-06-21 02:50:00,1
2018-06-21 17:00:00,1
2018-06-21 17:05:00,1
2018-06-21 17:10:00,0
2018-06-21 17:40:00,2
2018-06-21 17:45:00,2
2018-06-21 17:50:00,2
2018-06-21 17:55:00,2
2018-06-21 18:00:00,2
2018-06-21 18:55:00,2
2018-06-21 20:20:00,2
2018-06-21 20:30:00,2
2018-06-21 20:50:00,2
2018-06-21 22:50:00,2
2018-06-22 15:50:00,2
2018-06-22 18:30:00,2
2018-06-23 10:25:00,2
2018-06-23 18:00:00,2
2018-06-23 21:25:00,2
2018-06-24 00:25:00,2
2018-06-24 00:35:00,2
2018-06-24 00:40:00,2
2018-06-24 00:45:00,2
2018-06-24 04:50:00,2
2018-06-24 04:55:00,2
2018-06-24 05:05:00,2
2018-06-24 05:45:00,2
2018-06-24 21:45:00,2
2018-06-24 21:50:00,2
2018-06-25 01:05:00,0
2018-06-25 12:00:00,2
2018-06-25 12:05:00,2
2018-06-25 12:10:00,2
2018-06-26 12:10:00,2
2018-06-27 15:45:00,1
2018-06-27 16:45:00,2
2018-06-27 16:50:00,2
2018-06-27 16:55:00,2
2018-06-27 17:00:00,2
2018-06-27 17:05:00,2
2018-06-27 17:10:00,2
2018-06-27 17:15:00,2
2018-06-27 18:00:00,2
2018-06-27 20:40:00,2
2018-06-28 11:35:00,2
2018-06-28 11:40:00,2
2018-06-28 11:45:00,2
2018-06-28 11:50:00,2
2018-06-28 11:55:00,2
2018-06-28 12:00:00,2
2018-06-28 12:05:00,2
2018-06-28 12:10:00,2
2018-06-28 12:15:00,2
2018-06-28 12:20:00,2
2018-06-28 13:20:00,2
2018-06-28 13:25:00,2
2018-06-28 13:45:00,2
2018-06-28 13:50:00,2
2018-06-28 13:55:00,2
2018-06-29 01:05:00,2
2018-06-29 01:15:00,2
2018-06-29 01:20:00,2
2018-06-29 01:25:00,2
2018-06-29 09:20:00,2
2018-06-29 19:50:00,2
2018-06-30 06:45:00,2
2018-06-30 19:20:00,2
2018-06-30 20:35:00,2
2018-06-30 20:50:00,2
2018-06-30 21:40:00,2
2018-06-30 21:45:00,2
2018-06-30 21:50:00,2
2018-06-30 21:55:00,2
2018-06-30 22:00:00,2
2018-06-30 22:05:00,2
2018-06-30 22:20:00,2
2018-07-01 01:35:00,2
2018-07-01 01:40:00,2
2018-07-02 02:25:00,2
2018-07-02 02:30:00,2
2018-07-02 09:45:00,2
2018-07-02 09:50:00,2
2018-07-02 14:45:00,2
2018-07-02 14:50:00,2
2018-07-02 14:55:00,2
2018-07-02 17:20:00,2
2018-07-02 17:55:00,2
2018-07-02 18:25:00,2
2018-07-02 18:30:00,2
2018-07-02 18:35:00,2
2018-07-02 18:50:00,2
2018-07-03 00:40:00,2
2018-07-03 00:45:00,2
2018-07-03 00:50:00,2
2018-07-03 00:55:00,2
2018-07-03 01:00:00,2
2018-07-03 01:05:00,2
2018-07-03 01:10:00,2
2018-07-03 01:15:00,2
2018-07-03 01:20:00,2
2018-07-03 01:25:00,2
2018-07-03 11:50:00,2
2018-07-03 11:55:00,2
2018-07-09 20:05:00,1
2018-07-09 20:10:00,1
2018-07-09 20:25:00,1
2018-07-09 20:30:00,1
2018-07-10 13:50:00,2
2018-07-10 13:55:00,2
2018-07-10 14:25:00,2
2018-07-10 14:30:00,2
2018-07-10 14:35:00,2
2018-07-10 14:40:00,2
2018-07-10 14:45:00,2
2018-07-10 14:50:00,2
2018-07-10 14:55:00,2
2018-07-10 15:00:00,2
2018-07-10 15:05:00,2
2018-07-10 15:10:00,2
2018-07-10 15:15:00,2
2018-07-10 15:20:00,2
2018-07-10 15:45:00,2
2018-07-10 16:15:00,2
2018-07-10 16:20:00,2
2018-07-10 16:50:00,2
2018-07-10 16:55:00,2
2018-07-10 17:00:00,2
2018-07-10 17:05:00,2
2018-07-10 18:00:00,2
2018-07-10 18:05:00,2
2018-07-10 19:20:00,2
2018-07-13 21:05:00,1
2018-07-13 21:25:00,2
2018-07-13 22:00:00,2
2018-07-13 22:05:00,2
2018-07-13 22:10:00,2
2018-07-13 22:15:00,2
2018-07-13 22:20:00,2
2018-07-13 22:25:00,2
2018-07-13 23:35:00,2
2018-07-13 23:40:00,2
2018-07-13 23:45:00,2
2018-07-13 23:50:00,2
2018-07-13 23:55:00,2
2018-07-14 00:50:00,2
2018-07-14 00:55:00,2
2018-07-14 01:00:00,2
2018-07-14 01:05:00,2
2018-07-14 01:25:00,2
2018-07-14 01:30:00,2
2018-07-14 01:45:00,2
2018-07-14 01:50:00,2
2018-07-14 02:10:00,2
2018-07-14 02:15:00,2
2018-07-14 03:45:00,2
2018-07-14 03:55:00,2
2018-07-14 04:00:00,2
2018-07-14 10:40:00,2
2018-07-15 05:20:00,1
2018-07-15 06:00:00,2
2018-07-15 06:05:00,2
2018-07-15 06:10:00,2
2018-07-15 06:15:00,2
2018-07-15 06:20:00,2
2018-07-15 06:25:00,2
2018-07-15 06:30:00,2
2018-07-15 06:35:00,2
2018-07-15 06:45:00,2
2018-07-15 06:50:00,2
2018-07-15 06:55:00,2
2018-07-15 07:00:00,2
2018-07-15 07:05:00,2
2018-07-15 08:00:00,2
2018-07-15 08:05:00,2
2018-07-15 08:15:00,2
2018-07-16 09:50:00,2
2018-07-16 09:55:00,2
2018-07-16 10:00:00,2
2018-07-16 10:05:00,2
2018-07-16 10:10:00,2
2018-07-16 15:40:00,2
2018-07-16 15:45:00,2
2018-07-16 15:55:00,2
2018-07-19 07:35:00,2
2018-07-19 07:40:00,2
2018-07-28 22:10:00,2
2018-07-28 22:15:00,2
2018-07-29 22:55:00,2
2018-07-29 23:00:00,2
2018-07-29 23:05:00,2
2018-07-29 23:10:00,2
2018-07-29 23:15:00,2
2018-07-29 23:20:00,2
2018-07-30 03:10:00,2
2018-07-30 03:15:00,2
2018-07-30 03:20:00,2
2018-07-31 15:00:00,2
2018-08-01 00:05:00,0
2018-08-01 00:10:00,0
2018-08-01 00:15:00,0
2018-08-01 00:20:00,0
2018-08-01 00:25:00,0
2018-08-01 00:40:00,2
2018-08-01 00:50:00,2
2018-08-03 00:05:00,2
2018-08-03 00:10:00,2
2018-08-05 04:15:00,2
2018-08-05 04:40:00,2
2018-08-05 05:50:00,2
2018-08-06 17:35:00,2
2018-08-06 17:45:00,2
2018-08-06 17:55:00,2
2018-08-06 18:25:00,2
2018-08-12 16:40:00,2
2018-08-12 16:45:00,2
2018-08-12 16:50:00,2
2018-08-12 16:55:00,2
2018-08-12 17:00:00,2
2018-08-12 17:05:00,2
2018-08-12 17:10:00,2
2018-08-12 17:15:00,2
2018-08-12 17:20:00,2
2018-08-12 18:30:00,2
2018-08-13 22:55:00,2
2018-08-13 23:00:00,2
2018-08-14 12:00:00,2
2018-08-14 12:05:00,2
2018-08-14 12:10:00,2
2018-08-14 12:15:00,2
2018-08-15 07:40:00,2
2018-08-19 14:50:00,2
2018-08-20 17:25:00,2
2018-08-20 17:55:00,2
2018-08-20 18:05:00,2
2018-08-20 18:10:00,2
2018-08-21 12:55:00,2
2018-08-21 13:00:00,2
2018-08-21 13:05:00,2
2018-08-21 13:20:00,2
2018-08-21 14:30:00,2
2018-08-22 19:25:00,2
2018-08-22 19:30:00,2
2018-08-22 19:35:00,2
2018-08-22 19:40:00,2
2018-08-22 19:45:00,2
2018-08-22 19:50:00,2
2018-08-23 01:25:00,2
2018-08-23 02:10:00,2
2018-08-23 02:15:00,0
2018-08-23 14:35:00,2
2018-08-23 18:10:00,2
2018-08-23 18:15:00,2
2018-08-23 18:20:00,2
2018-08-23 18:25:00,2
2018-08-24 22:55:00,2
2018-08-24 23:00:00,2
2018-08-24 23:05:00,2
2018-08-24 23:10:00,2
2018-08-24 23:15:00,2
2018-08-24 23:30:00,2
2018-08-24 23:45:00,2
2018-08-28 05:45:00,2
2018-08-28 05:50:00,2
2018-08-28 07:30:00,2
2018-08-28 07:35:00,2
2018-08-28 07:55:00,2
2018-08-28 11:10:00,2
2018-09-01 22:55:00,1
2018-09-01 23:00:00,1
2018-09-01 23:05:00,1
2018-09-02 22:35:00,3
2018-09-02 22:40:00,3
2018-09-02 22:45:00,3
2018-09-02 23:10:00,2
2018-09-02 23:15:00,2
2018-09-02 23:20:00,2
2018-09-02 23:25:00,2
2018-09-02 23:30:00,2
2018-09-03 00:05:00,2
2018-09-03 00:10:00,2
2018-09-03 00:15:00,2
2018-09-03 00:20:00,2
2018-09-03 00:25:00,2
2018-09-03 00:30:00,2
2018-09-03 00:35:00,2
2018-09-03 00:40:00,2
2018-09-03 00:45:00,2
2018-09-03 00:50:00,2
2018-09-03 00:55:00,2
2018-09-03 01:00:00,2
2018-09-03 01:05:00,2
2018-09-03 01:10:00,2
2018-09-03 01:15:00,2
2018-09-03 01:20:00,2
2018-09-03 01:25:00,2
2018-09-03 01:30:00,2
2018-09-03 01:35:00,2
2018-09-03 01:40:00,2
2018-09-03 01:45:00,2
2018-09-03 01:50:00,2
2018-09-03 01:55:00,2
2018-09-03 02:00:00,2
2018-09-03 02:05:00,2
2018-09-03 02:40:00,2
2018-09-03 02:45:00,2
2018-09-03 02:50:00,2
2018-09-03 03:10:00,2
2018-09-03 03:15:00,2
2018-09-03 03:20:00,2
2018-09-03 03:25:00,2
2018-09-03 03:30:00,2
2018-09-03 03:35:00,2
2018-09-03 03:40:00,2
2018-09-03 03:50:00,2
2018-09-03 04:50:00,2
2018-09-03 05:00:00,2
2018-09-03 05:05:00,2
2018-09-03 05:15:00,2
2018-09-03 05:25:00,2
2018-09-03 07:55:00,2
2018-09-03 09:30:00,2
2018-09-03 09:50:00,2
2018-09-03 09:55:00,2
2018-09-03 10:20:00,2
2018-09-03 10:25:00,2
2018-09-03 10:30:00,2
2018-09-03 10:40:00,2
2018-09-04 02:05:00,2
2018-09-15 09:15:00,1
2018-09-15 09:25:00,1
2018-09-17 02:55:00,1
2018-09-17 03:00:00,1
2018-09-17 16:00:00,1
2018-09-17 16:35:00,1
2018-09-17 17:35:00,2
2018-09-17 17:45:00,2
2018-09-17 17:50:00,2
2018-09-17 17:55:00,2
2018-09-17 18:00:00,2
2018-09-17 18:05:00,2
2018-09-17 18:10:00,2
2018-09-17 18:15:00,2
2018-09-17 18:20:00,2
2018-09-17 18:25:00,2
2018-09-17 18:30:00,2
2018-09-17 18:35:00,2
2018-09-17 18:40:00,2
2018-09-17 18:45:00,2
2018-09-17 18:50:00,2
2018-09-17 19:00:00,2
2018-09-17 19:05:00,2
2018-09-17 19:10:00,2
2018-09-17 19:15:00,2
2018-09-17 19:25:00,2
2018-09-17 19:30:00,2
2018-09-17 19:35:00,2
2018-09-17 19:40:00,2
2018-09-17 19:45:00,2
2018-09-17 19:50:00,2
2018-09-17 19:55:00,2
2018-09-18 03:30:00,2
2018-09-19 16:25:00,2
2018-09-19 16:30:00,2
2018-09-19 16:35:00,2
2018-09-22 10:50:00,2
2018-09-25 13:25:00,2
2018-09-25 13:30:00,2
2018-09-25 13:35:00,2
2018-09-25 14:15:00,2
2018-09-25 14:20:00,2
2018-09-25 14:25:00,2
2018-09-25 14:30:00,2
2018-09-25 14:35:00,2
2018-09-25 14:40:00,2
2018-09-25 14:45:00,2
2018-09-25 14:50:00,2
2018-09-25 14:55:00,2
2018-09-25 15:00:00,2
2018-09-25 15:05:00,2
2018-09-25 15:15:00,2
2018-09-25 15:20:00,2
2018-10-16 08:30:00,1
2018-10-16 08:35:00,1
2018-10-16 08:40:00,3
2018-10-16 08:45:00,3
2018-10-16 08:50:00,3
2018-10-18 09:50:00,3
2018-10-18 10:00:00,2
2018-10-18 10:05:00,2
2018-10-18 10:10:00,2
2018-10-18 10:15:00,2
2018-10-18 10:20:00,2
2018-10-18 10:25:00,2
2018-10-18 10:30:00,2
2018-10-18 10:35:00,2
2018-10-18 10:40:00,2
2018-10-18 10:45:00,2
2018-10-18 10:50:00,2
2018-10-18 10:55:00,2
2018-10-18 11:00:00,2
2018-10-18 11:05:00,2
2018-10-18 11:10:00,2
2018-10-18 11:20:00,2
2018-10-18 11:25:00,2
2018-10-18 11:30:00,2
2018-10-18 11:35:00,2
2018-10-18 11:40:00,2
2018-10-18 11:45:00,2
2018-10-18 11:50:00,2
2018-10-18 11:55:00,2
2018-10-18 12:00:00,2
2018-10-18 12:05:00,2
2018-10-18 12:10:00,2
2018-10-18 12:15:00,2
2018-10-18 12:20:00,2
2018-10-18 12:25:00,2
2018-10-18 12:30:00,2
2018-10-18 12:35:00,2
2018-10-18 12:40:00,2
2018-10-18 13:10:00,2
2018-10-18 13:15:00,2
2018-10-18 13:20:00,2
2018-10-18 13:25:00,2
2018-10-18 13:30:00,2
2018-10-18 13:45:00,2
2018-10-18 14:00:00,2
2018-10-18 14:05:00,2
2018-10-18 14:15:00,2
2018-10-18 14:20:00,2
2018-10-18 14:25:00,2
2018-10-18 14:30:00,2
2018-10-18 14:35:00,2
2018-10-18 14:40:00,2
2018-10-18 14:45:00,2
2018-10-18 14:50:00,2
2018-10-18 14:55:00,2
2018-10-18 15:00:00,2
2018-10-18 15:05:00,2
2018-10-18 15:10:00,2
2018-10-18 15:15:00,2
2018-10-18 15:20:00,2
2018-10-18 15:25:00,2
2018-10-18 15:30:00,2
2018-10-18 15:35:00,2
2018-10-18 15:40:00,2
2018-10-18 15:45:00,2
2018-10-18 15:50:00,2
2018-10-18 15:55:00,2
2018-10-18 16:00:00,2
2018-10-18 16:05:00,2
2018-10-18 16:10:00,2
2018-10-18 16:15:00,2
2018-10-18 16:20:00,2
2018-10-18 16:25:00,2
2018-10-18 16:30:00,2
2018-10-18 16:35:00,2
2018-10-18 16:40:00,2
2018-10-18 16:45:00,2
2018-10-18 16:50:00,2
2018-10-18 16:55:00,2
2018-10-18 17:00:00,2
2018-10-18 17:05:00,2
2018-10-18 17:10:00,2
2018-10-18 17:15:00,2
2018-10-18 17:20:00,2
2018-10-18 17:25:00,2
2018-10-18 17:30:00,2
2018-10-18 17:35:00,2
2018-10-18 17:40:00,2
2018-10-18 17:45:00,2
2018-10-18 17:50:00,2
2018-10-18 17:55:00,2
2018-10-18 18:00:00,2
2018-10-18 18:05:00,2
2018-10-18 18:10:00,2
2018-10-18 18:15:00,2
2018-10-18 18:20:00,2
2018-10-18 18:25:00,2
2018-10-18 18:30:00,2
2018-10-18 18:35:00,2
2018-10-18 18:40:00,2
2018-10-18 18:45:00,2
2018-10-18 18:50:00,2
2018-10-18 18:55:00,2
2018-10-18 19:00:00,2
2018-10-18 19:05:00,2
2018-10-18 19:15:00,2
2018-10-18 21:20:00,2
2018-10-18 23:05:00,2
2018-10-18 23:10:00,2
2018-10-18 23:15:00,2
2018-10-18 23:20:00,2
2018-10-18 23:25:00,2
2018-10-18 23:30:00,2
2018-10-18 23:40:00,2
2018-10-19 00:15:00,2
2018-10-19 00:45:00,2
2018-10-19 01:10:00,2
2018-10-19 01:25:00,2
2018-10-19 04:00:00,2
2018-10-22 19:40:00,2
2018-10-22 19:45:00,2
2018-10-22 19:50:00,2
2018-10-22 20:00:00,2
2018-10-22 20:05:00,2
2018-10-22 20:10:00,2
2018-10-22 20:20:00,2
2018-10-22 20:35:00,2
2018-10-23 16:40:00,2
2018-10-23 17:05:00,2
2018-10-23 17:10:00,2
2018-10-23 17:15:00,2
2018-10-23 17:20:00,2
2018-10-23 17:25:00,2
2018-10-23 17:30:00,2
2018-10-23 17:35:00,2
2018-10-23 17:40:00,2
2018-10-23 17:45:00,2
2018-10-23 17:50:00,2
2018-10-23 17:55:00,2
2018-10-23 18:20:00,2
2018-10-23 18:25:00,2
2018-10-23 18:30:00,2
2018-10-25 17:40:00,2
2018-10-25 17:45:00,2
2018-10-25 17:50:00,2
2018-10-25 17:55:00,2
2018-10-25 18:00:00,2
2018-10-25 18:05:00,2
2018-10-25 18:10:00,2
2018-10-25 18:15:00,2
2018-10-26 16:55:00,2
2018-10-26 17:00:00,2
2018-10-26 17:05:00,2
2018-10-26 17:10:00,2
2018-10-26 17:15:00,2
2018-10-26 17:25:00,2
2018-10-26 17:30:00,2
2018-10-26 17:35:00,2
2018-11-03 23:35:00,2
2018-11-03 23:40:00,0
2018-11-04 17:05:00,1
2018-11-04 18:40:00,1
2018-11-04 19:20:00,1
2018-11-04 19:25:00,1
2018-11-04 19:30:00,1
2018-11-04 19:35:00,1
2018-11-04 19:40:00,1
2018-11-04 19:45:00,1
2018-11-04 20:30:00,1
2018-11-04 20:35:00,1
2018-11-04 20:40:00,1
2018-11-05 11:05:00,1
2018-11-05 11:40:00,2
2018-11-05 11:45:00,2
2018-11-05 11:50:00,2
2018-11-05 11:55:00,2
2018-11-05 12:00:00,2
2018-11-05 12:05:00,2
2018-11-05 12:10:00,2
2018-11-05 12:15:00,2
2018-11-05 12:20:00,2
2018-11-05 12:25:00,2
2018-11-05 12:30:00,2
2018-11-05 14:25:00,2
2018-11-05 14:40:00,2
2018-11-05 14:45:00,2
2018-11-06 06:50:00,2
2018-11-13 15:30:00,2
2018-11-13 18:15:00,2
2018-11-19 09:40:00,2
2018-11-20 15:35:00,2
2018-11-20 15:45:00,2
2018-11-20 16:00:00,2
2018-11-20 18:05:00,2
2018-11-27 05:45:00,0
2018-11-27 05:50:00,0
2018-11-27 05:55:00,0
2018-11-30 06:35:00,1
2018-11-30 07:00:00,2
2018-11-30 07:05:00,2
2018-11-30 07:10:00,2
2018-11-30 07:15:00,2
2018-11-30 07:20:00,2
2018-11-30 07:25:00,2
2018-11-30 07:30:00,2
2018-11-30 07:35:00,2
2018-11-30 07:40:00,2
2018-11-30 07:45:00,2
2018-11-30 07:55:00,2
2018-11-30 08:00:00,2
2018-11-30 08:05:00,2
2018-11-30 08:10:00,2
2018-11-30 08:35:00,2
2018-11-30 08:40:00,2
2018-11-30 09:15:00,2
2018-11-30 09:20:00,2
2018-11-30 09:25:00,2
2018-11-30 09:35:00,2
2018-11-30 09:40:00,2
2018-12-07 05:30:00,1
2018-12-07 06:05:00,2
2018-12-07 06:10:00,2
2018-12-07 06:15:00,2
2018-12-07 06:20:00,2
2018-12-07 06:25:00,2
2018-12-07 06:30:00,2
2018-12-07 06:35:00,2
2018-12-07 06:40:00,2
2018-12-07 06:45:00,2
2018-12-07 06:50:00,2
2018-12-07 07:00:00,2
2018-12-07 07:05:00,2
2018-12-07 07:10:00,2
2018-12-07 07:15:00,2
2018-12-07 07:20:00,2
2018-12-07 07:25:00,2
2018-12-07 07:30:00,2
2018-12-07 07:35:00,2
2018-12-07 07:40:00,2
2018-12-07 07:45:00,2
2018-12-07 07:50:00,2
2018-12-07 12:40:00,2
2018-12-09 05:15:00,2
2018-12-09 05:25:00,2
2018-12-09 05:35:00,2
2018-12-09 05:40:00,2
2018-12-09 23:30:00,2
2018-12-10 20:35:00,2
2018-12-13 19:15:00,2
2018-12-13 19:35:00,2
2018-12-13 19:40:00,2
2018-12-13 19:45:00,2
2018-12-13 19:50:00,2
2018-12-13 19:55:00,2
2018-12-13 20:00:00,2
2018-12-13 20:05:00,2
2018-12-13 20:10:00,2
2018-12-13 20:35:00,2
2018-12-13 20:40:00,2
2018-12-13 20:45:00,2
2018-12-13 20:50:00,2
2018-12-13 20:55:00,2
2018-12-22 12:10:00,2
2018-12-22 12:15:00,2
2018-12-22 12:50:00,2
2018-12-22 13:00:00,2
2019-01-03 09:45:00,1
2019-01-03 10:10:00,2
2019-01-03 10:15:00,2
2019-01-03 10:20:00,2
2019-01-03 10:25:00,2
2019-01-03 10:30:00,2
2019-01-03 10:35:00,2
2019-01-03 10:40:00,2
2019-01-03 10:50:00,2
2019-01-03 10:55:00,2
2019-01-03 11:00:00,2
2019-01-03 11:05:00,2
2019-01-03 11:10:00,2
2019-01-03 11:15:00,2
2019-01-03 11:20:00,2
2019-01-03 11:40:00,2
2019-01-08 12:05:00,2
2019-01-08 12:10:00,2
2019-01-08 12:15:00,2
2019-01-08 12:20:00,2
2019-01-08 12:25:00,2
2019-01-08 12:30:00,2
2019-01-08 12:35:00,2
2019-01-08 12:40:00,2
2019-01-08 12:45:00,2
2019-01-08 12:50:00,2
2019-01-12 05:45:00,2
2019-01-12 05:50:00,2
2019-01-12 05:55:00,2
2019-01-12 06:00:00,2
2019-01-12 06:10:00,2
2019-01-12 06:20:00,2
2019-01-12 06:25:00,2
2019-01-12 06:35:00,2
2019-01-12 06:40:00,2
2019-01-12 06:50:00,2
2019-01-12 07:00:00,2
2019-01-12 07:05:00,2
2019-01-12 07:10:00,2
2019-01-12 07:15:00,2
2019-01-12 07:20:00,2
2019-01-12 07:25:00,2
2019-01-12 07:30:00,2
2019-01-18 12:45:00,2
2019-01-18 13:00:00,2
2019-01-18 13:05:00,2
2019-01-18 13:10:00,2
2019-01-18 13:15:00,2
2019-01-18 13:20:00,2
2019-01-18 13:25:00,2
2019-01-18 13:30:00,2
2019-01-23 12:10:00,2
2019-01-23 12:15:00,2
2019-01-23 12:20:00,2
2019-02-01 04:00:00,2
2019-02-01 04:05:00,2
2019-02-01 05:05:00,2
2019-02-01 05:30:00,2
2019-02-01 05:35:00,2
2019-02-01 05:40:00,2
2019-02-01 05:45:00,2
2019-02-01 11:45:00,2
2019-02-01 12:10:00,2
2019-02-01 12:15:00,2
2019-02-01 12:20:00,2
2019-02-01 12:25:00,2
2019-02-01 12:30:00,2
2019-02-01 12:35:00,2
2019-02-01 12:40:00,2
2019-02-01 12:45:00,2
2019-02-01 12:50:00,2
2019-02-01 12:55:00,2
2019-02-01 13:10:00,2
2019-02-01 13:15:00,2
2019-02-01 16:25:00,2
2019-02-01 16:35:00,2
2019-02-01 16:40:00,2
2019-02-04 18:05:00,2
2019-02-04 18:10:00,2
2019-02-04 18:15:00,2
2019-02-04 18:20:00,2
2019-02-04 18:25:00,2
2019-02-04 18:30:00,2
2019-02-04 18:35:00,2
2019-02-04 18:40:00,2
2019-02-04 18:45:00,2
2019-02-04 18:50:00,2
2019-02-08 00:15:00,2
2019-02-08 00:30:00,2
2019-02-08 00:35:00,2
2019-02-08 00:40:00,2
2019-02-08 00:45:00,2
2019-02-11 18:30:00,2
2019-02-11 19:10:00,2
2019-02-11 19:15:00,2
2019-02-11 19:20:00,2
2019-02-11 19:25:00,2
2019-02-11 19:30:00,2
2019-02-11 19:35:00,2
2019-02-11 19:40:00,2
2019-02-11 19:45:00,2
2019-02-11 19:50:00,2
2019-02-11 19:55:00,2
2019-02-11 20:15:00,2
2019-02-12 09:00:00,2
2019-02-12 09:05:00,2
2019-02-12 09:10:00,2
2019-02-12 09:50:00,2
2019-02-12 09:55:00,2
2019-02-12 10:00:00,2
2019-02-17 03:15:00,2
2019-02-17 03:20:00,2
2019-02-17 04:35:00,2
2019-02-17 04:40:00,2
2019-02-17 05:05:00,2
2019-02-17 05:10:00,2
2019-02-17 05:15:00,2
2019-02-17 05:20:00,2
2019-02-17 06:35:00,2
2019-02-17 06:50:00,2
2019-02-17 06:55:00,2
2019-02-17 07:10:00,2
2019-02-17 07:15:00,2
2019-02-17 07:20:00,2
2019-02-17 07:25:00,2
2019-02-17 07:30:00,2
2019-02-17 07:35:00,2
2019-02-17 07:40:00,2
2019-02-17 07:45:00,2
2019-02-17 07:50:00,2
2019-02-17 08:05:00,2
2019-02-17 08:10:00,2
2019-02-17 08:15:00,2
2019-02-17 08:20:00,2
2019-02-17 08:25:00,2
2019-02-17 08:45:00,2
2019-02-17 08:50:00,2
2019-02-17 08:55:00,2
2019-02-17 09:00:00,2
2019-02-17 09:05:00,2
2019-02-17 09:10:00,2
2019-02-17 09:15:00,2
2019-02-17 09:20:00,2
2019-02-17 09:35:00,2
2019-02-17 09:45:00,2
2019-02-17 09:50:00,2
2019-02-17 09:55:00,2
2019-02-17 10:00:00,2
2019-02-17 10:05:00,2
2019-02-17 10:10:00,2
2019-02-17 10:15:00,2
2019-02-17 10:20:00,2
2019-02-17 10:25:00,2
2019-02-17 10:30:00,2
2019-02-17 10:35:00,2
2019-02-17 10:40:00,2
2019-02-17 10:45:00,2
2019-02-17 10:50:00,2
2019-02-17 10:55:00,2
2019-02-17 11:00:00,2
2019-02-17 11:05:00,2
2019-02-17 11:10:00,2
2019-02-17 11:15:00,2
2019-02-17 11:20:00,2
2019-02-17 11:25:00,2
2019-02-17 11:40:00,2
2019-02-17 11:45:00,2
2019-02-17 12:05:00,2
2019-02-17 12:10:00,2
2019-02-17 12:15:00,2
2019-02-17 12:20:00,2
2019-02-17 13:20:00,2
2019-02-17 13:25:00,2
2019-02-17 13:35:00,2
2019-02-17 13:40:00,2
2019-02-17 13:45:00,2
2019-02-17 13:50:00,2
2019-02-17 14:05:00,2
2019-02-17 14:10:00,2
2019-02-17 14:15:00,2
2019-02-17 14:25:00,2
2019-02-17 14:30:00,2
2019-02-17 15:20:00,2
2019-02-17 16:15:00,2
2019-02-17 16:20:00,2
2019-02-17 16:25:00,2
2019-02-17 16:30:00,2
2019-02-17 16:50:00,2
2019-02-17 17:20:00,2
2019-02-17 17:25:00,2
2019-02-17 17:30:00,2
2019-02-17 17:35:00,2
2019-02-17 17:40:00,2
2019-02-17 17:45:00,2
2019-02-17 17:55:00,2
2019-02-17 18:00:00,2
2019-02-17 18:05:00,2
2019-02-17 18:10:00,2
2019-02-17 18:15:00,2
2019-02-17 18:20:00,2
2019-02-17 18:25:00,2
2019-02-17 18:30:00,2
2019-02-17 18:40:00,2
2019-02-17 18:45:00,2
2019-02-17 18:50:00,2
2019-02-17 18:55:00,2
2019-02-17 19:00:00,2
2019-02-17 19:05:00,2
2019-02-17 19:10:00,2
2019-02-17 19:15:00,2
2019-02-17 19:25:00,2
2019-02-17 20:25:00,2
2019-02-17 20:30:00,2
2019-02-17 22:05:00,2
2019-02-17 22:20:00,2
2019-02-17 22:25:00,2
2019-02-17 22:30:00,2
2019-02-17 22:50:00,2
2019-02-18 00:20:00,2
2019-02-18 00:35:00,2
2019-02-18 00:45:00,2
2019-02-18 09:35:00,2
2019-02-18 09:40:00,2
2019-02-18 09:45:00,2
2019-02-18 09:50:00,2
2019-02-18 09:55:00,2
2019-02-18 10:00:00,2
2019-02-18 10:05:00,2
2019-02-18 10:10:00,2
2019-02-18 10:15:00,2
2019-02-25 15:40:00,2
2019-02-25 15:45:00,2
2019-02-25 15:50:00,2
2019-02-25 15:55:00,2
2019-02-25 16:00:00,2
2019-02-25 16:05:00,2
2019-02-25 16:10:00,2
2019-02-25 17:00:00,2
2019-02-25 17:05:00,2
2019-02-25 17:10:00,2
2019-02-25 17:30:00,2
2019-02-25 17:35:00,2
2019-02-25 17:40:00,2
2019-02-25 17:50:00,2
2019-02-25 17:55:00,2
2019-02-25 18:00:00,2
2019-02-25 18:15:00,2
2019-02-25 18:20:00,2
2019-02-25 19:00:00,2
2019-02-25 21:20:00,2
2019-03-09 05:05:00,2
2019-03-09 05:10:00,2
2019-03-09 05:15:00,2
2019-03-09 05:20:00,2
2019-03-09 05:25:00,2
2019-03-09 05:30:00,2
2019-03-09 05:35:00,2
2019-03-09 05:40:00,2
2019-03-09 06:10:00,2
2019-03-09 06:15:00,1
2019-03-17 20:05:00,1
2019-03-17 20:40:00,2
2019-03-17 20:45:00,2
2019-03-17 20:50:00,2
2019-03-17 20:55:00,2
2019-03-17 21:00:00,2
2019-03-17 21:05:00,2
2019-03-18 16:30:00,2
2019-03-18 16:35:00,2
2019-03-18 16:40:00,2
2019-03-18 16:45:00,2
2019-03-18 16:55:00,2
2019-03-18 17:00:00,2
2019-03-18 17:05:00,2
2019-03-18 18:00:00,2
2019-03-18 18:15:00,2
2019-03-18 18:20:00,2
2019-03-18 19:20:00,2
2019-03-23 03:15:00,2
2019-03-23 03:20:00,2
2019-03-23 03:25:00,2
2019-03-23 03:30:00,2
2019-03-23 03:35:00,2
2019-03-27 16:40:00,2
2019-03-27 17:05:00,2
2019-03-28 21:15:00,0
2019-03-31 11:25:00,2
2019-03-31 11:30:00,2
2019-03-31 11:35:00,2
2019-03-31 11:40:00,2
2019-04-04 15:55:00,2
2019-04-04 16:00:00,2
2019-04-07 14:20:00,2
2019-04-07 16:20:00,2
2019-04-07 16:25:00,1
2019-04-07 16:30:00,2
2019-04-07 16:35:00,2
2019-04-07 17:05:00,2
2019-04-07 17:40:00,2
2019-04-07 17:45:00,2
2019-04-07 17:50:00,2
2019-04-07 17:55:00,2
2019-04-07 18:00:00,2
2019-04-07 18:05:00,2
2019-04-07 18:10:00,2
2019-04-07 18:15:00,2
2019-04-07 19:30:00,2
2019-04-07 19:35:00,2
2019-04-07 20:10:00,0
2019-04-07 20:55:00,0
2019-04-07 21:00:00,0
2019-04-08 14:25:00,2
2019-04-08 14:30:00,2
2019-04-08 14:45:00,2
2019-04-08 15:00:00,2
2019-04-08 15:05:00,2
2019-04-08 15:10:00,2
2019-04-08 15:15:00,2
2019-04-08 15:20:00,2
2019-04-08 16:25:00,2
2019-04-08 17:55:00,2
2019-04-08 18:10:00,2
2019-04-09 02:15:00,2
2019-04-10 18:00:00,2
2019-04-11 04:50:00,2
2019-04-11 05:35:00,2
2019-04-13 15:30:00,2
2019-04-13 15:55:00,2
2019-04-13 16:00:00,2
2019-04-13 16:05:00,2
2019-04-13 16:10:00,2
2019-04-13 16:15:00,2
2019-04-13 16:20:00,2
2019-04-13 16:25:00,2
2019-04-13 16:30:00,2
2019-04-13 16:35:00,2
2019-04-13 16:40:00,2
2019-04-13 16:45:00,2
2019-04-13 16:50:00,2
2019-04-13 16:55:00,2
2019-04-13 17:00:00,2
2019-04-13 17:05:00,2
2019-04-13 17:10:00,2
2019-04-13 17:35:00,2
2019-04-13 17:40:00,2
2019-04-13 17:45:00,2
2019-04-13 19:50:00,2
2019-04-14 16:25:00,2
2019-04-14 16:50:00,2
2019-04-14 18:40:00,2
2019-04-14 18:45:00,2
2019-04-16 04:30:00,1
2019-04-16 04:35:00,1
2019-04-16 05:00:00,2
2019-04-16 05:05:00,2
2019-04-16 05:10:00,2
2019-04-16 05:15:00,2
2019-04-16 05:30:00,2
2019-04-16 05:35:00,2
2019-04-16 05:40:00,2
2019-04-16 08:05:00,2
2019-04-16 08:30:00,2
2019-04-16 09:25:00,2
2019-04-16 14:45:00,2
2019-04-16 14:50:00,2
2019-04-16 15:50:00,2
2019-04-16 15:55:00,2
2019-04-16 16:25:00,2
2019-04-16 18:45:00,2
2019-04-16 18:50:00,2
2019-04-21 08:30:00,2
2019-04-21 08:45:00,2
2019-04-21 09:20:00,2
2019-04-21 09:25:00,2
2019-04-21 09:30:00,2
2019-04-21 09:35:00,2
2019-04-21 09:40:00,2
2019-04-29 08:00:00,2
2019-04-29 08:05:00,2
2019-04-29 08:10:00,2
2019-04-29 10:30:00,2
2019-04-29 10:50:00,2
2019-04-30 12:45:00,2
2019-04-30 12:50:00,2
2019-04-30 12:55:00,2
2019-04-30 13:00:00,2
2019-04-30 15:05:00,2
2019-04-30 21:50:00,2
2019-05-02 07:15:00,2
2019-05-04 10:30:00,2
2019-05-04 10:35:00,2
2019-05-04 10:40:00,2
2019-05-04 10:45:00,2
2019-05-04 10:50:00,2
2019-05-04 11:15:00,2
2019-05-04 11:20:00,2
2019-05-04 20:55:00,2
2019-05-04 23:00:00,2
2019-05-04 23:05:00,2
2019-05-05 00:45:00,2
2019-05-14 03:45:00,2
2019-05-14 03:50:00,2
2019-05-14 03:55:00,2
2019-05-14 04:00:00,2
2019-05-14 04:05:00,2
2019-05-14 04:10:00,2
2019-05-14 04:15:00,2
2019-05-14 04:20:00,2
2019-05-14 04:25:00,2
2019-05-14 04:30:00,2
2019-05-14 04:35:00,2
2019-05-14 09:35:00,2
2019-05-14 09:40:00,2
2019-05-14 09:45:00,2
2019-05-14 09:50:00,2
2019-05-14 09:55:00,2
2019-05-14 10:00:00,2
2019-05-14 10:25:00,2
2019-05-14 11:50:00,2
2019-05-14 11:55:00,2
2019-05-14 12:00:00,2
2019-05-14 12:05:00,2
2019-05-14 12:10:00,2
2019-05-14 12:15:00,2
2019-05-14 13:05:00,2
2019-05-14 13:15:00,2
2019-05-14 13:20:00,2
2019-05-14 13:25:00,2
2019-05-14 14:00:00,2
2019-05-14 14:05:00,2
2019-05-14 14:10:00,2
2019-05-14 14:15:00,2
2019-05-14 14:20:00,2
2019-05-14 14:25:00,2
2019-05-14 14:45:00,2
2019-05-14 14:50:00,2
2019-05-14 15:10:00,2
2019-05-15 00:10:00,2
2019-05-15 06:15:00,2
2019-05-21 03:00:00,2
2019-05-21 03:05:00,2
2019-05-21 03:10:00,2
2019-06-03 01:35:00,2
2019-06-03 01:40:00,2
2019-06-03 01:45:00,2
2019-06-03 01:50:00,2
2019-06-03 01:55:00,2
2019-06-03 02:00:00,2
2019-06-03 02:05:00,2
2019-06-21 18:15:00,1
2019-06-22 01:30:00,1
2019-06-22 01:50:00,1
2019-06-22 01:55:00,1
2019-06-22 02:00:00,1
2019-06-22 02:05:00,1
2019-06-22 02:10:00,1
2019-06-22 02:15:00,1
2019-06-22 02:20:00,2
2019-06-22 02:25:00,2
2019-06-22 02:30:00,2
2019-06-22 02:35:00,2
2019-06-22 02:40:00,2
2019-06-22 02:45:00,2
2019-06-22 02:50:00,2
2019-06-22 02:55:00,2
2019-06-22 03:00:00,2
2019-06-22 03:05:00,2
2019-06-22 03:10:00,2
2019-06-22 03:15:00,2
2019-06-22 03:20:00,2
2019-06-22 03:25:00,2
2019-06-22 03:30:00,2
2019-06-22 03:50:00,2
2019-06-22 03:55:00,2
2019-06-22 04:05:00,2
2019-06-22 04:10:00,2
2019-06-22 04:15:00,2
2019-06-22 04:20:00,2
2019-06-22 04:25:00,2
2019-06-22 04:30:00,2
2019-06-22 04:35:00,2
2019-06-22 04:40:00,2
2019-06-22 04:45:00,2
2019-06-22 04:50:00,2
2019-06-22 04:55:00,2
2019-06-22 05:00:00,2
2019-06-22 05:05:00,2
2019-06-22 05:10:00,2
2019-06-22 05:15:00,2
2019-06-22 05:20:00,2
2019-06-22 05:25:00,2
2019-06-22 05:55:00,2
2019-06-22 06:00:00,2
2019-06-22 06:10:00,2
2019-06-22 06:15:00,2
2019-06-22 06:20:00,2
2019-06-22 06:25:00,2
2019-06-22 06:30:00,2
2019-06-22 06:35:00,2
2019-06-22 06:40:00,2
2019-06-22 06:45:00,2
2019-06-22 06:50:00,2
2019-06-22 06:55:00,2
2019-06-22 07:05:00,2
2019-06-22 07:15:00,2
2019-06-22 07:20:00,2
2019-06-22 07:25:00,2
2019-06-22 07:30:00,2
2019-06-22 07:35:00,2
2019-06-22 07:40:00,2
2019-06-22 07:45:00,2
2019-06-22 07:50:00,2
2019-06-22 07:55:00,2
2019-06-22 08:00:00,2
2019-06-22 08:05:00,2
2019-06-22 08:10:00,2
2019-06-22 08:15:00,2
2019-06-22 08:20:00,2
2019-06-22 08:25:00,2
2019-06-22 08:30:00,2
2019-06-22 08:35:00,2
2019-06-22 08:40:00,2
2019-06-22 08:45:00,2
2019-06-22 08:50:00,2
2019-06-22 08:55:00,2
2019-06-22 09:00:00,2
2019-06-22 09:05:00,2
2019-06-22 09:10:00,2
2019-06-22 09:15:00,2
2019-06-22 09:20:00,2
2019-06-22 09:25:00,2
2019-06-22 09:30:00,2
2019-06-22 09:35:00,2
2019-06-22 09:40:00,2
2019-06-22 09:45:00,2
2019-06-22 09:50:00,2
2019-06-22 09:55:00,2
2019-06-22 10:00:00,2
2019-06-22 10:05:00,2
2019-06-22 10:10:00,2
2019-06-22 10:15:00,2
2019-06-22 10:20:00,2
2019-06-22 10:25:00,2
2019-06-22 10:30:00,2
2019-06-22 10:35:00,2
2019-06-22 10:40:00,2
2019-06-22 10:45:00,2
2019-06-22 10:50:00,2
2019-06-22 10:55:00,2
2019-06-22 11:00:00,2
2019-06-22 11:05:00,2
2019-06-22 11:10:00,2
2019-06-22 11:15:00,2
2019-06-22 11:20:00,2
2019-06-22 11:25:00,2
2019-06-22 11:30:00,2
2019-06-22 11:35:00,2
2019-06-22 11:40:00,2
2019-06-22 11:45:00,2
2019-06-22 11:55:00,2
2019-06-22 12:00:00,2
2019-06-22 12:05:00,2
2019-06-22 12:10:00,2
2019-06-22 12:20:00,2
2019-06-22 12:35:00,2
2019-06-22 12:40:00,2
2019-06-22 12:45:00,2
2019-06-22 12:50:00,2
2019-06-22 12:55:00,2
2019-06-22 13:00:00,2
2019-06-22 13:05:00,2
2019-06-22 13:10:00,2
2019-06-22 13:15:00,2
2019-06-22 13:20:00,2
2019-06-22 13:25:00,2
2019-06-22 13:30:00,2
2019-06-22 13:35:00,2
2019-06-22 13:40:00,2
2019-06-22 13:45:00,2
2019-06-22 13:50:00,2
2019-06-22 13:55:00,2
2019-06-22 14:00:00,2
2019-06-22 14:05:00,2
2019-06-22 14:10:00,2
2019-06-22 14:15:00,2
2019-06-22 14:20:00,2
2019-06-22 14:25:00,2
2019-06-22 14:50:00,2
2019-06-22 14:55:00,2
2019-06-22 15:05:00,2
2019-06-22 15:10:00,2
2019-06-22 15:50:00,2
2019-06-22 16:15:00,2
2019-06-22 16:20:00,2
2019-06-22 16:25:00,2
2019-06-22 16:30:00,2
2019-06-22 16:35:00,2
2019-06-22 16:40:00,2
2019-06-22 16:45:00,2
2019-06-22 16:50:00,2
2019-06-22 16:55:00,2
2019-06-22 17:00:00,2
2019-06-22 17:05:00,2
2019-06-22 17:10:00,2
2019-06-22 17:15:00,2
2019-06-27 00:20:00,2
2019-06-28 12:20:00,2
2019-07-01 03:30:00,2
2019-07-01 03:35:00,2
2019-07-01 03:40:00,2
2019-07-01 03:45:00,2
2019-07-01 03:50:00,2
2019-07-01 03:55:00,2
2019-07-01 04:00:00,2
2019-07-08 16:35:00,2
2019-07-08 21:40:00,2
2019-07-09 01:05:00,2
2019-07-09 01:15:00,2
2019-07-09 01:20:00,2
2019-07-09 01:25:00,2
2019-07-09 01:30:00,2
2019-07-09 02:00:00,2
2019-07-09 02:05:00,2
2019-07-09 11:35:00,2
2019-07-16 08:55:00,2
2019-07-16 09:00:00,2
2019-07-16 09:05:00,2
2019-07-16 09:10:00,2
2019-07-16 09:15:00,2
2019-07-16 09:20:00,2
2019-07-16 09:40:00,2
2019-07-16 09:45:00,2
2019-07-19 00:35:00,2
2019-07-19 00:40:00,2
2019-07-19 01:20:00,2
2019-07-19 01:25:00,2
2019-07-19 01:30:00,2
2019-07-19 01:35:00,2
2019-07-19 01:45:00,2
2019-07-19 01:50:00,2
2019-07-19 01:55:00,2
2019-07-19 02:00:00,2
2019-07-19 02:10:00,2
2019-07-19 02:15:00,2
2019-07-19 16:00:00,2
2019-07-19 16:05:00,2
2019-07-19 16:30:00,2
2019-07-19 16:35:00,2
2019-07-19 16:40:00,2
2019-07-19 16:45:00,2
2019-07-19 16:50:00,2
2019-07-19 16:55:00,2
2019-07-19 17:00:00,2
2019-07-19 17:05:00,2
2019-07-19 17:10:00,2
2019-07-19 17:15:00,2
2019-07-19 17:20:00,2
2019-07-19 17:25:00,2
2019-07-19 17:40:00,2
2019-07-19 17:45:00,2
2019-07-19 18:10:00,2
2019-07-19 18:30:00,2
2019-07-19 18:35:00,2
2019-07-19 18:40:00,2
2019-07-19 18:45:00,2
2019-07-19 19:45:00,2
2019-07-19 20:05:00,2
2019-07-19 20:10:00,2
2019-07-19 20:15:00,2
2019-07-19 20:20:00,2
2019-07-19 20:25:00,2
2019-07-19 20:30:00,2
2019-07-19 20:35:00,2
2019-07-19 20:40:00,2
2019-07-19 20:45:00,2
2019-07-19 20:50:00,2
2019-07-19 20:55:00,2
2019-07-19 21:00:00,2
2019-07-19 21:10:00,2
2019-07-19 21:15:00,2
2019-07-31 16:00:00,2
2019-07-31 16:05:00,2
2019-07-31 16:10:00,2
2019-07-31 16:15:00,2
2019-07-31 16:20:00,2
2019-07-31 16:25:00,2
2019-07-31 16:30:00,2
2019-07-31 16:35:00,2
2019-07-31 16:40:00,2
2019-07-31 16:45:00,2
2019-07-31 16:50:00,2
2019-08-14 10:15:00,1
2019-08-14 10:30:00,1
2019-08-14 10:35:00,1
2019-08-14 10:40:00,1
2019-08-14 10:45:00,1
2019-08-14 10:50:00,1
2019-08-14 11:45:00,2
2019-08-14 11:50:00,2
2019-08-14 11:55:00,2
2019-08-14 12:05:00,2
2019-08-14 12:10:00,2
2019-08-14 12:15:00,2
2019-08-14 12:20:00,2
2019-08-14 12:30:00,2
2019-08-14 12:35:00,2
2019-08-14 12:40:00,2
2019-08-14 12:50:00,2
2019-08-14 12:55:00,2
2019-08-14 13:00:00,2
2019-08-14 13:10:00,2
2019-08-14 13:15:00,2
2019-08-14 13:20:00,2
2019-08-14 13:25:00,2
2019-08-14 13:30:00,2
2019-08-14 13:35:00,2
2019-08-14 13:40:00,2
2019-08-14 13:45:00,2
2019-08-14 13:50:00,2
2019-08-14 13:55:00,2
2019-08-14 14:35:00,2
2019-08-14 14:40:00,2
2019-08-14 14:45:00,2
2019-08-14 14:50:00,2
2019-08-14 14:55:00,2
2019-08-14 15:00:00,2
2019-08-14 15:05:00,2
2019-08-14 15:10:00,2
2019-08-14 15:15:00,2
2019-08-14 15:20:00,2
2019-08-14 15:25:00,2
2019-08-14 15:30:00,2
2019-08-14 15:35:00,2
2019-08-14 15:40:00,2
2019-08-14 15:45:00,2
2019-08-14 15:50:00,2
2019-08-14 15:55:00,2
2019-08-14 16:00:00,2
2019-08-14 16:05:00,2
2019-08-14 16:10:00,2
2019-08-14 16:15:00,2
2019-08-14 16:20:00,2
2019-08-14 16:25:00,2
2019-08-14 16:30:00,2
2019-08-14 16:35:00,2
2019-08-14 16:45:00,2
2019-08-14 16:50:00,2
2019-08-14 16:55:00,2
2019-08-14 17:05:00,2
2019-08-14 17:20:00,2
2019-08-14 17:25:00,2
2019-08-14 17:30:00,2
2019-08-14 17:35:00,2
2019-08-14 17:40:00,2
2019-08-14 17:45:00,2
2019-08-14 17:55:00,2
2019-08-14 18:55:00,2
2019-08-14 19:00:00,2
2019-08-14 20:55:00,2
2019-08-14 21:00:00,2
2019-08-14 21:05:00,2
2019-08-14 21:10:00,2
2019-08-14 21:15:00,2
2019-08-14 21:20:00,2
2019-08-15 13:35:00,2
2019-08-15 13:40:00,2
2019-08-15 13:45:00,2
2019-08-15 13:50:00,2
2019-08-15 13:55:00,2
2019-08-16 11:10:00,2
2019-08-17 06:25:00,2
2019-08-17 13:30:00,2
2019-08-17 13:35:00,2
2019-08-17 13:45:00,2
2019-08-17 13:50:00,2
2019-08-17 13:55:00,2
2019-08-17 14:00:00,2
2019-08-17 14:05:00,2
2019-08-17 14:10:00,2
2019-08-17 14:35:00,2
2019-08-17 14:40:00,2
2019-08-17 14:45:00,2
2019-08-17 14:50:00,2
2019-08-17 14:55:00,2
2019-08-17 15:00:00,2
2019-08-17 15:05:00,2
2019-08-17 15:10:00,2
2019-08-17 15:15:00,2
2019-08-17 15:20:00,2
2019-08-17 15:25:00,2
2019-08-17 15:35:00,2
2019-08-17 15:45:00,2
2019-08-17 16:00:00,2
2019-08-17 16:05:00,2
2019-08-17 16:10:00,2
2019-08-17 16:15:00,2
2019-08-17 16:20:00,2
2019-08-17 16:25:00,2
2019-08-17 17:35:00,2
2019-08-19 16:55:00,2
2019-08-23 11:20:00,2
2019-08-31 04:40:00,0
2019-08-31 04:45:00,0
2019-08-31 04:50:00,0
2019-08-31 04:55:00,0
2019-08-31 05:00:00,0
2019-08-31 05:05:00,2
2019-08-31 05:35:00,2
2019-08-31 05:40:00,2
2019-08-31 05:45:00,2
2019-09-03 21:45:00,2
2019-09-03 22:25:00,2
2019-09-03 22:30:00,2
2019-09-03 22:35:00,2
2019-09-14 07:15:00,2
2019-10-24 09:00:00,1
2019-10-24 09:05:00,1
2019-10-24 09:10:00,1
2019-10-26 08:55:00,2
2019-10-26 09:20:00,2
2019-10-26 09:25:00,2
2019-10-26 09:30:00,2
2019-10-26 09:35:00,2
2019-10-26 09:40:00,2
2019-10-26 09:45:00,2
2019-10-26 09:50:00,2
2019-10-26 09:55:00,2
2019-10-26 10:00:00,2
2019-10-26 10:05:00,2
2019-10-26 10:10:00,2
2019-10-26 10:15:00,2
2019-10-26 10:20:00,2
2019-10-26 10:25:00,2
2019-10-26 10:30:00,2
2019-10-26 10:35:00,2
2019-10-26 10:40:00,2
2019-10-26 10:45:00,2
2019-10-26 10:50:00,2
2019-10-26 11:10:00,2
2019-10-26 11:15:00,2
2019-10-26 11:20:00,2
2019-10-26 11:30:00,2
2019-10-26 11:35:00,2
2019-10-26 11:40:00,2
2019-10-26 11:45:00,2
2019-10-26 11:50:00,2
2019-10-26 12:30:00,1
2019-10-26 13:25:00,2
2019-10-26 14:50:00,2
2019-10-26 14:55:00,2
2019-10-27 05:50:00,1
2019-10-27 05:55:00,1
2019-10-27 06:00:00,1
2019-10-27 06:10:00,2
2019-10-27 06:35:00,2
2019-10-27 06:40:00,2
2019-10-27 06:45:00,2
2019-10-27 07:15:00,2
2019-10-27 07:20:00,2
2019-10-27 07:25:00,2
2019-10-27 08:05:00,2
2019-10-27 08:10:00,2
2019-10-27 08:15:00,2
2019-10-27 08:20:00,2
2019-10-27 08:25:00,2
2019-10-27 08:30:00,2
2019-10-27 08:35:00,2
2019-10-27 08:40:00,2
2019-10-27 08:45:00,2
2019-10-27 08:55:00,2
2019-10-27 09:00:00,2
2019-10-27 13:00:00,2
2019-10-27 18:00:00,2
2019-10-27 18:05:00,2
2019-10-27 18:10:00,2
2019-10-27 18:15:00,2
2019-10-27 18:20:00,2
2019-10-27 18:25:00,2
2019-10-27 18:30:00,2
2019-10-29 12:10:00,2
2019-10-29 12:15:00,2
2019-11-03 15:40:00,2
2019-11-03 18:05:00,2
2019-11-03 20:45:00,2
2019-11-03 21:00:00,2
2019-11-03 21:20:00,2
2019-11-04 19:15:00,2
2019-11-04 19:20:00,2
2019-11-04 19:25:00,2
2019-11-04 19:30:00,2
2019-11-05 00:25:00,2
2019-11-05 00:30:00,2
2019-11-05 00:40:00,2
2019-11-05 00:45:00,2
2019-11-05 00:50:00,2
2019-11-05 09:35:00,2
2019-11-05 20:50:00,2
2019-11-05 20:55:00,2
2019-11-05 21:00:00,2
2019-11-05 21:05:00,2
2019-11-05 21:10:00,2
2019-11-05 21:15:00,2
2019-11-08 19:20:00,1
2019-11-08 19:25:00,1
2019-11-08 19:30:00,1
2019-11-08 19:35:00,1
2019-11-08 19:50:00,1
2019-11-08 19:55:00,1
2019-11-08 21:10:00,2
2019-11-14 04:10:00,2
2019-11-18 19:35:00,2
2019-11-20 05:40:00,2
2019-11-22 01:20:00,2
2019-11-28 14:00:00,2
2019-11-28 14:05:00,2
2019-11-28 14:10:00,2
2019-11-28 14:15:00,2
2019-11-28 14:25:00,2
2019-12-24 04:55:00,1
2019-12-24 23:10:00,1
2019-12-25 00:25:00,2
2019-12-25 00:30:00,2
2019-12-25 00:35:00,2
2019-12-25 00:40:00,2
2019-12-25 00:45:00,2
2019-12-25 00:50:00,2
2019-12-25 00:55:00,2
2019-12-25 01:00:00,2
2019-12-25 01:05:00,2
2019-12-25 01:10:00,2
2019-12-25 01:15:00,2
2019-12-25 01:20:00,2
2019-12-25 01:25:00,2
2019-12-25 01:30:00,2
2019-12-25 01:35:00,2
2019-12-25 01:40:00,2
2019-12-25 01:45:00,2
2019-12-25 01:50:00,2
2019-12-25 02:05:00,2
2019-12-25 02:15:00,2
2019-12-25 02:20:00,2
2019-12-25 02:25:00,2
2019-12-25 02:30:00,2
2019-12-25 02:35:00,2
2019-12-25 02:40:00,2
2019-12-25 02:45:00,2
2019-12-25 02:50:00,2
2019-12-25 02:55:00,2
2019-12-25 03:00:00,2
2019-12-25 03:05:00,2
2019-12-25 03:10:00,2
2019-12-25 03:15:00,2
2019-12-25 03:20:00,2
2019-12-25 03:25:00,2
2019-12-25 03:30:00,2
2019-12-25 03:35:00,2
2019-12-25 03:40:00,2
2019-12-25 03:45:00,2
2019-12-25 03:55:00,2
2019-12-25 04:00:00,2
2019-12-25 04:05:00,2
2019-12-25 04:10:00,2
2019-12-25 04:15:00,2
2019-12-25 04:20:00,2
2019-12-25 04:25:00,2
2019-12-25 05:05:00,2
2019-12-25 05:10:00,2
2019-12-25 05:15:00,2
2019-12-25 05:20:00,2
2019-12-25 05:25:00,2
2019-12-25 05:30:00,2
2019-12-25 05:35:00,2
2019-12-25 05:40:00,2
2019-12-25 05:45:00,2
2019-12-25 05:50:00,2
2019-12-25 05:55:00,2
2019-12-25 06:00:00,2
2019-12-25 06:05:00,2
2019-12-25 06:10:00,2
2019-12-25 06:15:00,2
2019-12-25 06:20:00,2
2019-12-25 06:25:00,2
2019-12-25 06:30:00,2
2019-12-25 06:35:00,2
2019-12-25 06:40:00,2
2019-12-25 06:45:00,2
2019-12-25 06:50:00,2
2019-12-25 06:55:00,2
2019-12-25 07:00:00,2
2019-12-25 07:05:00,2
2019-12-25 07:10:00,2
2019-12-25 07:15:00,2
2019-12-25 07:20:00,2
2019-12-25 07:25:00,2
2019-12-25 07:30:00,2
2019-12-25 07:35:00,2
2019-12-25 07:40:00,2
2019-12-25 07:45:00,2
2019-12-25 07:50:00,2
2019-12-25 07:55:00,2
2019-12-25 08:00:00,2
2019-12-25 08:05:00,2
2019-12-25 08:10:00,2
2019-12-25 08:15:00,2
2019-12-25 08:20:00,2
2019-12-25 08:25:00,2
2019-12-25 08:30:00,2
2019-12-25 08:35:00,2
2019-12-25 08:40:00,2
2019-12-25 08:45:00,2
2019-12-25 08:50:00,2
2019-12-25 08:55:00,2
2019-12-25 09:00:00,2
2019-12-25 09:05:00,2
2019-12-25 09:10:00,2
2019-12-25 09:15:00,2
2019-12-25 09:20:00,2
2019-12-25 09:25:00,2
2019-12-25 09:30:00,2
2019-12-25 09:35:00,2
2019-12-25 09:40:00,2
2019-12-25 09:45:00,2
2019-12-25 09:50:00,2
2019-12-25 10:05:00,2
2019-12-25 10:10:00,2
2019-12-25 10:20:00,2
2020-01-16 13:40:00,2
2020-01-18 10:00:00,2
2020-01-29 04:25:00,2
2020-01-29 04:40:00,2
2020-02-12 10:15:00,2
2020-02-16 00:45:00,2
2020-02-16 00:55:00,2
2020-02-17 14:55:00,2
2020-02-17 17:45:00,2
2020-02-18 03:00:00,2
2020-02-18 03:05:00,2
2020-02-18 03:10:00,2
2020-02-18 03:25:00,2
2020-02-18 15:40:00,2
2020-02-19 00:55:00,2
2020-03-11 17:05:00,2
2020-03-11 17:10:00,2
2020-03-11 17:20:00,2
2020-03-22 20:20:00,2
2020-03-22 20:25:00,2
2020-05-02 00:40:00,2
2020-05-02 00:45:00,2
2020-05-02 00:50:00,2
2020-05-02 00:55:00,2
2020-05-02 01:00:00,2
2020-05-02 01:05:00,2
2020-05-02 01:10:00,2
2020-05-02 01:45:00,2
2020-05-02 01:50:00,2
2020-05-02 01:55:00,2
2020-05-02 13:40:00,0
2020-05-02 13:45:00,0
2020-05-04 15:40:00,2
2020-05-08 03:35:00,2
2020-05-10 02:20:00,2
2020-05-13 02:10:00,2
2020-05-13 02:30:00,2
2020-05-14 01:05:00,2
2020-05-17 21:30:00,2
2020-05-21 12:30:00,2
2020-05-21 13:05:00,2
2020-05-26 12:05:00,2
2020-05-26 12:10:00,2
2020-05-26 12:15:00,2
2020-05-28 02:45:00,2
2020-05-28 02:50:00,2
2020-05-28 02:55:00,2
2020-05-28 03:00:00,2
2020-05-28 03:05:00,2
2020-05-28 03:10:00,2
2020-05-28 07:50:00,2
2020-05-28 07:55:00,2
2020-07-17 15:20:00,2
2020-07-17 15:55:00,2
2020-07-17 17:00:00,2
2020-07-17 17:05:00,2
2020-07-17 17:10:00,2
2020-07-17 17:15:00,2
2020-07-17 18:00:00,2
2020-07-18 13:00:00,2
2020-07-19 05:05:00,0
2020-07-19 05:15:00,0
2020-07-19 06:40:00,2
2020-07-19 06:45:00,2
2020-07-19 06:50:00,2
2020-07-19 07:00:00,2
2020-07-19 07:05:00,2
2020-07-19 07:10:00,2
2020-07-19 07:15:00,2
2020-07-19 08:05:00,2
2020-07-19 08:10:00,2
2020-07-19 08:15:00,2
2020-07-19 08:20:00,2
2020-07-19 08:25:00,2
2020-07-19 10:45:00,2
2020-07-19 11:45:00,2
2020-07-26 09:45:00,1
2020-07-26 09:55:00,2
2020-07-26 10:40:00,2
2020-07-26 12:30:00,2
2020-07-26 12:35:00,2
2020-07-26 13:05:00,2
2020-07-30 12:30:00,2
2020-07-30 12:35:00,2
2020-07-30 12:40:00,2
2020-07-30 12:55:00,2
2020-07-30 13:00:00,2
2020-07-30 13:05:00,2
2020-07-30 13:10:00,2
2020-07-30 13:15:00,2
2020-07-30 13:20:00,2
2020-07-30 13:25:00,2
2020-07-30 13:30:00,2
2020-07-30 13:50:00,2
