event_id,start,end,duration_minutes,clusters
0,2017-01-04 06:15:00,2017-01-04 06:15:00,0.0,[2]
1,2017-01-08 05:10:00,2017-01-08 05:10:00,0.0,[2]
2,2017-01-18 04:00:00,2017-01-18 04:10:00,10.0,[2]
3,2017-01-20 05:05:00,2017-01-20 05:15:00,10.0,[2]
4,2017-01-23 00:15:00,2017-01-23 01:00:00,45.0,[2]
5,2017-01-23 01:20:00,2017-01-23 01:20:00,0.0,[2]
6,2017-01-23 02:45:00,2017-01-23 02:45:00,0.0,[1]
7,2017-01-23 08:00:00,2017-01-23 08:30:00,30.0,[2]
8,2017-01-23 15:20:00,2017-01-23 16:50:00,90.0,[2]
9,2017-01-25 01:00:00,2017-01-25 01:10:00,10.0,[2]
10,2017-01-25 18:00:00,2017-01-25 18:25:00,25.0,[2]
11,2017-01-26 10:15:00,2017-01-26 10:15:00,0.0,[2]
12,2017-01-26 10:35:00,2017-01-26 10:45:00,10.0,[2]
13,2017-01-26 11:10:00,2017-01-26 11:25:00,15.0,[2]
14,2017-01-26 13:50:00,2017-01-26 14:05:00,15.0,[2]
15,2017-01-28 17:25:00,2017-01-28 17:55:00,30.0,[2]
16,2017-01-31 05:20:00,2017-01-31 05:20:00,0.0,[2]
17,2017-01-31 06:00:00,2017-01-31 06:05:00,5.0,[2]
18,2017-02-01 13:35:00,2017-02-01 13:40:00,5.0,[2]
19,2017-02-01 15:45:00,2017-02-01 16:00:00,15.0,[2]
20,2017-02-08 07:45:00,2017-02-08 08:00:00,15.0,[2]
21,2017-02-16 13:00:00,2017-02-16 13:00:00,0.0,[2]
22,2017-02-20 11:55:00,2017-02-20 11:55:00,0.0,[2]
23,2017-02-25 15:15:00,2017-02-25 15:15:00,0.0,[2]
24,2017-02-27 02:15:00,2017-02-27 02:15:00,0.0,[2]
25,2017-03-02 02:50:00,2017-03-02 03:35:00,45.0,[2]
26,2017-03-02 08:00:00,2017-03-02 08:10:00,10.0,[2]
27,2017-03-07 21:30:00,2017-03-07 22:55:00,85.0,[2]
28,2017-03-07 23:25:00,2017-03-07 23:25:00,0.0,[2]
29,2017-03-08 02:00:00,2017-03-08 02:00:00,0.0,[2]
30,2017-03-12 04:05:00,2017-03-12 04:05:00,0.0,[1]
31,2017-03-12 04:35:00,2017-03-12 04:45:00,10.0,[2]
32,2017-03-14 10:55:00,2017-03-14 10:55:00,0.0,[2]
33,2017-03-16 18:20:00,2017-03-16 18:35:00,15.0,[2]
34,2017-03-16 22:40:00,2017-03-16 22:40:00,0.0,[2]
35,2017-03-22 21:35:00,2017-03-22 21:35:00,0.0,[1]
36,2017-03-23 06:40:00,2017-03-23 07:35:00,55.0,[1]
37,2017-03-23 08:30:00,2017-03-23 08:30:00,0.0,[1]
38,2017-03-25 02:30:00,2017-03-25 02:30:00,0.0,[1]
39,2017-03-25 03:15:00,2017-03-25 03:15:00,0.0,[1]
40,2017-03-25 04:10:00,2017-03-25 04:10:00,0.0,[2]
41,2017-03-25 04:40:00,2017-03-25 05:40:00,60.0,[2]
42,2017-03-25 06:00:00,2017-03-25 06:15:00,15.0,[2]
43,2017-03-25 06:35:00,2017-03-25 07:25:00,50.0,[2]
44,2017-03-25 10:10:00,2017-03-25 11:00:00,50.0,[2]
45,2017-03-26 01:45:00,2017-03-26 02:20:00,35.0,[2]
46,2017-03-27 12:05:00,2017-03-27 12:05:00,0.0,[2]
47,2017-03-27 12:30:00,2017-03-27 12:40:00,10.0,[2]
48,2017-03-30 21:15:00,2017-03-30 21:15:00,0.0,[2]
49,2017-03-30 22:05:00,2017-03-30 22:20:00,15.0,"[2, 0]"
50,2017-03-30 23:30:00,2017-03-30 23:30:00,0.0,[1]
51,2017-03-31 00:05:00,2017-03-31 00:10:00,5.0,[2]
52,2017-03-31 00:40:00,2017-03-31 00:50:00,10.0,[2]
53,2017-04-03 15:35:00,2017-04-03 15:35:00,0.0,[2]
54,2017-04-07 01:25:00,2017-04-07 01:25:00,0.0,[2]
55,2017-04-07 02:35:00,2017-04-07 02:35:00,0.0,[2]
56,2017-04-17 19:05:00,2017-04-17 19:05:00,0.0,[2]
57,2017-04-17 19:30:00,2017-04-17 20:30:00,60.0,[2]
58,2017-04-18 00:55:00,2017-04-18 00:55:00,0.0,[2]
59,2017-04-18 09:40:00,2017-04-18 09:45:00,5.0,[2]
60,2017-04-18 10:20:00,2017-04-18 11:15:00,55.0,[2]
61,2017-04-19 20:55:00,2017-04-19 20:55:00,0.0,[2]
62,2017-04-19 21:45:00,2017-04-20 00:10:00,145.0,[2]
63,2017-04-20 00:55:00,2017-04-20 01:30:00,35.0,[2]
64,2017-04-22 19:40:00,2017-04-22 19:40:00,0.0,[2]
65,2017-05-09 12:15:00,2017-05-09 12:15:00,0.0,[2]
66,2017-05-09 12:40:00,2017-05-09 12:50:00,10.0,[2]
67,2017-05-09 13:25:00,2017-05-09 13:25:00,0.0,[2]
68,2017-05-11 18:50:00,2017-05-11 18:50:00,0.0,[2]
69,2017-05-19 00:30:00,2017-05-19 00:50:00,20.0,[2]
70,2017-05-19 15:05:00,2017-05-19 15:25:00,20.0,[1]
71,2017-05-22 00:25:00,2017-05-22 00:25:00,0.0,[1]
72,2017-05-29 22:05:00,2017-05-29 22:15:00,10.0,[1]
73,2017-05-30 20:35:00,2017-05-30 20:35:00,0.0,[1]
74,2017-05-30 21:00:00,2017-05-30 21:15:00,15.0,[1]
75,2017-05-30 21:40:00,2017-05-30 21:45:00,5.0,[2]
76,2017-05-30 22:15:00,2017-05-30 22:55:00,40.0,[2]
77,2017-05-31 01:00:00,2017-05-31 01:30:00,30.0,[2]
78,2017-05-31 03:50:00,2017-05-31 03:50:00,0.0,[2]
79,2017-05-31 19:05:00,2017-05-31 19:15:00,10.0,[2]
80,2017-05-31 19:40:00,2017-05-31 19:45:00,5.0,[2]
81,2017-05-31 20:15:00,2017-05-31 20:20:00,5.0,[2]
82,2017-05-31 22:55:00,2017-05-31 23:45:00,50.0,[2]
83,2017-06-01 00:25:00,2017-06-01 01:15:00,50.0,[2]
84,2017-06-01 02:20:00,2017-06-01 02:30:00,10.0,[2]
85,2017-06-01 09:25:00,2017-06-01 09:50:00,25.0,[2]
86,2017-06-03 16:05:00,2017-06-03 16:05:00,0.0,[2]
87,2017-06-03 17:05:00,2017-06-03 17:15:00,10.0,[2]
88,2017-06-04 16:50:00,2017-06-04 17:15:00,25.0,[2]
89,2017-06-05 00:30:00,2017-06-05 00:30:00,0.0,[2]
90,2017-06-05 13:50:00,2017-06-05 14:05:00,15.0,[2]
91,2017-06-05 14:25:00,2017-06-05 14:40:00,15.0,[2]
92,2017-06-06 14:45:00,2017-06-06 14:45:00,0.0,[2]
93,2017-06-09 02:20:00,2017-06-09 02:30:00,10.0,"[3, 0]"
94,2017-06-09 03:20:00,2017-06-09 03:25:00,5.0,[2]
95,2017-06-12 14:00:00,2017-06-12 14:15:00,15.0,[2]
96,2017-06-12 16:05:00,2017-06-12 16:05:00,0.0,[2]
97,2017-06-12 16:45:00,2017-06-12 16:45:00,0.0,[2]
98,2017-06-14 06:10:00,2017-06-14 07:00:00,50.0,[2]
99,2017-06-14 07:20:00,2017-06-14 07:25:00,5.0,[2]
100,2017-06-16 20:00:00,2017-06-16 20:55:00,55.0,[2]
101,2017-06-16 21:20:00,2017-06-16 21:20:00,0.0,[2]
102,2017-06-16 22:40:00,2017-06-16 22:45:00,5.0,[2]
103,2017-06-16 23:30:00,2017-06-17 00:05:00,35.0,[2]
104,2017-06-24 21:00:00,2017-06-24 21:25:00,25.0,[2]
105,2017-06-26 10:40:00,2017-06-26 10:45:00,5.0,[2]
106,2017-06-26 11:40:00,2017-06-26 11:45:00,5.0,[2]
107,2017-06-27 20:30:00,2017-06-27 20:30:00,0.0,[2]
108,2017-06-28 13:05:00,2017-06-28 13:05:00,0.0,[2]
109,2017-06-28 13:40:00,2017-06-28 14:05:00,25.0,[2]
110,2017-06-30 17:05:00,2017-06-30 17:05:00,0.0,[2]
111,2017-07-20 12:10:00,2017-07-20 12:10:00,0.0,[1]
112,2017-07-20 13:35:00,2017-07-20 14:20:00,45.0,[2]
113,2017-07-28 02:00:00,2017-07-28 02:15:00,15.0,[2]
114,2017-07-28 23:20:00,2017-07-28 23:20:00,0.0,[2]
115,2017-07-31 04:30:00,2017-07-31 04:30:00,0.0,[2]
116,2017-07-31 07:55:00,2017-07-31 07:55:00,0.0,[1]
117,2017-07-31 16:25:00,2017-07-31 17:05:00,40.0,[2]
118,2017-07-31 17:35:00,2017-07-31 17:35:00,0.0,[2]
119,2017-07-31 18:10:00,2017-07-31 18:10:00,0.0,[2]
120,2017-08-05 05:10:00,2017-08-05 05:10:00,0.0,[1]
121,2017-08-05 05:50:00,2017-08-05 05:50:00,0.0,[2]
122,2017-08-06 09:10:00,2017-08-06 09:10:00,0.0,[2]
123,2017-08-09 14:50:00,2017-08-09 14:50:00,0.0,[2]
124,2017-08-09 15:15:00,2017-08-09 15:35:00,20.0,[2]
125,2017-08-20 00:40:00,2017-08-20 00:45:00,5.0,[2]
126,2017-08-20 22:20:00,2017-08-20 22:25:00,5.0,[2]
127,2017-08-28 14:30:00,2017-08-28 14:30:00,0.0,[2]
128,2017-09-09 12:45:00,2017-09-09 12:50:00,5.0,[1]
129,2017-09-09 13:30:00,2017-09-09 14:45:00,75.0,[2]
130,2017-09-09 15:05:00,2017-09-09 15:05:00,0.0,[2]
131,2017-09-09 15:50:00,2017-09-09 15:50:00,0.0,[2]
132,2017-09-11 07:20:00,2017-09-11 07:45:00,25.0,[2]
133,2017-09-13 23:45:00,2017-09-14 00:00:00,15.0,[2]
134,2017-09-14 02:50:00,2017-09-14 02:50:00,0.0,[1]
135,2017-09-14 03:35:00,2017-09-14 03:45:00,10.0,[2]
136,2017-09-14 04:05:00,2017-09-14 04:20:00,15.0,[2]
137,2017-09-14 04:55:00,2017-09-14 04:55:00,0.0,[2]
138,2017-09-16 17:15:00,2017-09-16 17:15:00,0.0,[0]
139,2017-09-17 16:45:00,2017-09-17 17:15:00,30.0,[2]
140,2017-09-17 19:05:00,2017-09-17 19:10:00,5.0,[1]
141,2017-09-17 19:55:00,2017-09-17 20:30:00,35.0,[2]
142,2017-09-19 01:10:00,2017-09-19 02:15:00,65.0,[2]
143,2017-10-11 21:45:00,2017-10-11 23:15:00,90.0,"[0, 2, 1]"
144,2017-10-17 15:40:00,2017-10-17 15:40:00,0.0,[1]
145,2017-10-17 18:15:00,2017-10-17 18:15:00,0.0,[1]
146,2017-10-19 07:05:00,2017-10-19 07:05:00,0.0,[1]
147,2017-10-19 07:25:00,2017-10-19 07:40:00,15.0,[2]
148,2017-10-19 08:00:00,2017-10-19 11:10:00,190.0,[2]
149,2017-10-20 03:20:00,2017-10-20 03:20:00,0.0,[2]
150,2017-10-20 04:25:00,2017-10-20 04:25:00,0.0,[1]
151,2017-10-20 05:55:00,2017-10-20 05:55:00,0.0,[2]
152,2017-10-20 14:00:00,2017-10-20 14:00:00,0.0,[1]
153,2017-10-21 09:45:00,2017-10-21 09:50:00,5.0,[2]
154,2017-10-21 19:35:00,2017-10-21 19:45:00,10.0,[2]
155,2017-10-21 20:15:00,2017-10-21 20:20:00,5.0,[2]
156,2017-10-23 13:45:00,2017-10-23 13:45:00,0.0,[2]
157,2017-10-23 18:20:00,2017-10-23 18:30:00,10.0,[2]
158,2017-10-23 20:45:00,2017-10-23 20:50:00,5.0,[2]
159,2017-10-25 10:10:00,2017-10-25 10:10:00,0.0,[2]
160,2017-10-27 18:45:00,2017-10-27 19:05:00,20.0,[2]
161,2017-10-27 19:45:00,2017-10-27 20:00:00,15.0,[2]
162,2017-10-28 15:00:00,2017-10-28 15:00:00,0.0,[2]
163,2017-10-31 23:35:00,2017-10-31 23:35:00,0.0,[1]
164,2017-11-01 00:15:00,2017-11-01 00:25:00,10.0,[2]
165,2017-11-01 20:05:00,2017-11-01 20:05:00,0.0,[1]
166,2017-11-04 09:45:00,2017-11-04 09:45:00,0.0,[2]
167,2017-11-16 19:15:00,2017-11-16 19:15:00,0.0,[2]
168,2017-11-17 10:45:00,2017-11-17 10:55:00,10.0,[2]
169,2017-11-18 19:10:00,2017-11-18 19:10:00,0.0,[2]
170,2017-11-19 11:25:00,2017-11-19 11:30:00,5.0,[2]
171,2017-11-28 16:15:00,2017-11-28 16:50:00,35.0,[1]
172,2017-12-08 21:05:00,2017-12-08 21:25:00,20.0,"[1, 2]"
173,2017-12-08 22:00:00,2017-12-08 22:00:00,0.0,[2]
174,2017-12-08 23:45:00,2017-12-08 23:45:00,0.0,[2]
175,2017-12-09 01:00:00,2017-12-09 01:00:00,0.0,[2]
176,2017-12-09 03:55:00,2017-12-09 04:10:00,15.0,[2]
177,2017-12-09 05:25:00,2017-12-09 05:30:00,5.0,[2]
178,2017-12-09 09:35:00,2017-12-09 09:35:00,0.0,[2]
179,2017-12-09 10:30:00,2017-12-09 10:50:00,20.0,[2]
180,2017-12-09 11:20:00,2017-12-09 11:20:00,0.0,[2]
181,2017-12-12 11:25:00,2017-12-12 12:05:00,40.0,[2]
182,2017-12-12 22:10:00,2017-12-12 22:15:00,5.0,[0]
183,2017-12-12 23:35:00,2017-12-12 23:50:00,15.0,[3]
184,2017-12-13 00:20:00,2017-12-13 00:20:00,0.0,[2]
185,2017-12-13 00:50:00,2017-12-13 01:10:00,20.0,[2]
186,2017-12-25 07:05:00,2017-12-25 07:05:00,0.0,[1]
187,2017-12-25 07:45:00,2017-12-25 07:50:00,5.0,[2]
188,2017-12-25 09:00:00,2017-12-25 10:35:00,95.0,[2]
189,2017-12-25 12:05:00,2017-12-25 12:05:00,0.0,[2]
190,2017-12-25 14:00:00,2017-12-25 14:25:00,25.0,[2]
191,2017-12-27 10:25:00,2017-12-27 10:25:00,0.0,[2]
192,2017-12-27 21:00:00,2017-12-27 21:10:00,10.0,[2]
193,2017-12-28 12:10:00,2017-12-28 12:15:00,5.0,[2]
194,2017-12-29 04:00:00,2017-12-29 04:00:00,0.0,[2]
195,2017-12-29 07:25:00,2017-12-29 07:50:00,25.0,[2]
196,2018-01-01 12:45:00,2018-01-01 12:45:00,0.0,[2]
197,2018-01-01 15:30:00,2018-01-01 16:00:00,30.0,[2]
198,2018-01-04 03:15:00,2018-01-04 03:15:00,0.0,[2]
199,2018-01-08 10:25:00,2018-01-08 10:25:00,0.0,[2]
200,2018-01-16 19:30:00,2018-01-16 20:05:00,35.0,[2]
201,2018-01-18 03:20:00,2018-01-18 03:20:00,0.0,[2]
202,2018-01-18 03:40:00,2018-01-18 03:40:00,0.0,[2]
203,2018-01-19 12:15:00,2018-01-19 12:15:00,0.0,[2]
204,2018-01-31 11:55:00,2018-01-31 11:55:00,0.0,[2]
205,2018-02-01 16:15:00,2018-02-01 16:15:00,0.0,[1]
206,2018-02-01 16:50:00,2018-02-01 16:55:00,5.0,[1]
207,2018-02-01 17:20:00,2018-02-01 17:45:00,25.0,[2]
208,2018-02-01 18:20:00,2018-02-01 18:40:00,20.0,[1]
209,2018-02-02 00:20:00,2018-02-02 00:45:00,25.0,[1]
210,2018-02-02 01:35:00,2018-02-02 02:45:00,70.0,[1]
211,2018-02-02 09:10:00,2018-02-02 10:50:00,100.0,[2]
212,2018-02-02 11:10:00,2018-02-02 11:30:00,20.0,[2]
213,2018-02-02 20:30:00,2018-02-02 20:30:00,0.0,[2]
214,2018-02-03 08:35:00,2018-02-03 08:55:00,20.0,[2]
215,2018-02-07 17:35:00,2018-02-07 17:35:00,0.0,[2]
216,2018-02-11 16:40:00,2018-02-11 17:25:00,45.0,[2]
217,2018-02-11 18:00:00,2018-02-11 18:00:00,0.0,[2]
218,2018-02-11 18:40:00,2018-02-11 18:40:00,0.0,[2]
219,2018-02-11 19:00:00,2018-02-11 19:05:00,5.0,[2]
220,2018-02-14 10:50:00,2018-02-14 11:10:00,20.0,[2]
221,2018-02-16 10:45:00,2018-02-16 10:45:00,0.0,[1]
222,2018-02-17 10:10:00,2018-02-17 12:30:00,140.0,"[1, 2]"
223,2018-02-17 12:55:00,2018-02-17 13:05:00,10.0,[2]
224,2018-02-17 13:40:00,2018-02-17 13:55:00,15.0,[2]
225,2018-02-17 22:55:00,2018-02-17 23:00:00,5.0,[2]
226,2018-02-19 00:35:00,2018-02-19 00:35:00,0.0,[2]
227,2018-02-19 21:00:00,2018-02-19 21:10:00,10.0,[1]
228,2018-02-19 23:45:00,2018-02-19 23:55:00,10.0,[1]
229,2018-02-20 00:25:00,2018-02-20 01:30:00,65.0,[2]
230,2018-02-20 01:55:00,2018-02-20 02:20:00,25.0,[2]
231,2018-02-20 03:00:00,2018-02-20 03:00:00,0.0,[2]
232,2018-02-20 19:05:00,2018-02-20 19:20:00,15.0,[2]
233,2018-02-22 00:55:00,2018-02-22 01:00:00,5.0,[2]
234,2018-02-22 13:30:00,2018-02-22 13:50:00,20.0,[2]
235,2018-02-23 14:05:00,2018-02-23 14:05:00,0.0,[2]
236,2018-02-23 14:25:00,2018-02-23 14:40:00,15.0,"[0, 2]"
237,2018-02-23 15:15:00,2018-02-23 15:15:00,0.0,[2]
238,2018-02-24 07:05:00,2018-02-24 07:15:00,10.0,[2]
239,2018-02-24 12:45:00,2018-02-24 12:45:00,0.0,[2]
240,2018-02-24 13:25:00,2018-02-24 13:25:00,0.0,[2]
241,2018-02-26 10:00:00,2018-02-26 10:25:00,25.0,"[1, 2]"
242,2018-02-26 19:05:00,2018-02-26 20:45:00,100.0,[2]
243,2018-02-26 21:15:00,2018-02-26 21:55:00,40.0,[2]
244,2018-02-28 21:00:00,2018-02-28 21:05:00,5.0,[2]
245,2018-02-28 22:35:00,2018-02-28 22:55:00,20.0,[2]
246,2018-03-01 12:55:00,2018-03-01 12:55:00,0.0,[2]
247,2018-03-02 17:20:00,2018-03-02 17:20:00,0.0,[0]
248,2018-03-07 20:00:00,2018-03-07 20:05:00,5.0,"[1, 2]"
249,2018-03-07 20:45:00,2018-03-07 20:50:00,5.0,[2]
250,2018-03-08 01:50:00,2018-03-08 02:20:00,30.0,[2]
251,2018-03-10 09:50:00,2018-03-10 09:50:00,0.0,[2]
252,2018-03-10 15:25:00,2018-03-10 15:35:00,10.0,[2]
253,2018-03-12 15:00:00,2018-03-12 15:05:00,5.0,[2]
254,2018-03-12 17:35:00,2018-03-12 17:35:00,0.0,[2]
255,2018-03-13 03:05:00,2018-03-13 03:35:00,30.0,[2]
256,2018-03-16 06:00:00,2018-03-16 06:00:00,0.0,[2]
257,2018-03-16 06:25:00,2018-03-16 06:25:00,0.0,[2]
258,2018-03-16 18:20:00,2018-03-16 18:25:00,5.0,[2]
259,2018-03-17 12:10:00,2018-03-17 12:35:00,25.0,[2]
260,2018-03-17 16:50:00,2018-03-17 17:10:00,20.0,[2]
261,2018-03-20 00:45:00,2018-03-20 01:45:00,60.0,[2]
262,2018-03-20 20:10:00,2018-03-20 20:30:00,20.0,[2]
263,2018-03-30 12:25:00,2018-03-30 12:25:00,0.0,[2]
264,2018-03-30 18:20:00,2018-03-30 18:20:00,0.0,[2]
265,2018-04-04 04:00:00,2018-04-04 04:40:00,40.0,[2]
266,2018-04-04 05:30:00,2018-04-04 05:30:00,0.0,[2]
267,2018-04-04 05:50:00,2018-04-04 06:45:00,55.0,[2]
268,2018-04-04 10:10:00,2018-04-04 10:10:00,0.0,[2]
269,2018-04-06 04:10:00,2018-04-06 04:10:00,0.0,[2]
270,2018-04-06 04:35:00,2018-04-06 04:50:00,15.0,[2]
271,2018-04-08 06:15:00,2018-04-08 06:15:00,0.0,[2]
272,2018-04-08 12:25:00,2018-04-08 12:30:00,5.0,[2]
273,2018-04-13 18:55:00,2018-04-13 18:55:00,0.0,[2]
274,2018-04-14 11:45:00,2018-04-14 11:45:00,0.0,[1]
275,2018-04-14 12:10:00,2018-04-14 13:35:00,85.0,[2]
276,2018-04-16 04:00:00,2018-04-16 04:00:00,0.0,[2]
277,2018-04-17 03:05:00,2018-04-17 03:05:00,0.0,[2]
278,2018-04-17 03:30:00,2018-04-17 03:40:00,10.0,[2]
279,2018-04-19 16:55:00,2018-04-19 16:55:00,0.0,[2]
280,2018-04-22 06:40:00,2018-04-22 06:40:00,0.0,[2]
281,2018-04-23 00:10:00,2018-04-23 00:10:00,0.0,[2]
282,2018-04-24 04:40:00,2018-04-24 04:40:00,0.0,[2]
283,2018-04-25 17:30:00,2018-04-25 17:50:00,20.0,[2]
284,2018-04-28 12:15:00,2018-04-28 12:35:00,20.0,[2]
285,2018-04-28 13:15:00,2018-04-28 14:40:00,85.0,[2]
286,2018-04-28 15:05:00,2018-04-28 15:25:00,20.0,[2]
287,2018-04-28 17:25:00,2018-04-28 17:45:00,20.0,[2]
288,2018-04-30 22:25:00,2018-04-30 22:40:00,15.0,"[1, 3]"
289,2018-05-01 16:25:00,2018-05-01 17:00:00,35.0,[2]
290,2018-05-01 18:20:00,2018-05-01 18:20:00,0.0,[2]
291,2018-05-02 18:50:00,2018-05-02 18:50:00,0.0,[1]
292,2018-05-02 19:25:00,2018-05-02 19:30:00,5.0,[2]
293,2018-05-02 20:05:00,2018-05-02 20:05:00,0.0,[2]
294,2018-05-02 21:00:00,2018-05-02 21:10:00,10.0,[2]
295,2018-05-03 21:45:00,2018-05-03 21:45:00,0.0,[2]
296,2018-05-04 15:05:00,2018-05-04 15:15:00,10.0,[2]
297,2018-05-04 15:35:00,2018-05-04 15:35:00,0.0,[2]
298,2018-05-06 16:45:00,2018-05-06 17:05:00,20.0,[2]
299,2018-05-07 06:10:00,2018-05-07 06:20:00,10.0,[2]
300,2018-05-07 06:45:00,2018-05-07 06:50:00,5.0,[2]
301,2018-05-07 18:25:00,2018-05-07 18:25:00,0.0,[2]
302,2018-05-07 19:30:00,2018-05-07 19:30:00,0.0,[1]
303,2018-05-07 20:00:00,2018-05-07 21:25:00,85.0,[2]
304,2018-05-08 03:55:00,2018-05-08 05:35:00,100.0,[2]
305,2018-05-08 07:55:00,2018-05-08 07:55:00,0.0,[2]
306,2018-05-08 09:50:00,2018-05-08 09:50:00,0.0,[2]
307,2018-05-08 10:50:00,2018-05-08 10:55:00,5.0,[2]
308,2018-05-08 11:15:00,2018-05-08 12:10:00,55.0,[2]
309,2018-05-08 12:30:00,2018-05-08 12:45:00,15.0,[2]
310,2018-05-08 20:00:00,2018-05-08 20:40:00,40.0,[2]
311,2018-05-09 12:25:00,2018-05-09 12:35:00,10.0,[1]
312,2018-05-09 14:15:00,2018-05-09 15:20:00,65.0,[2]
313,2018-05-10 11:10:00,2018-05-10 11:10:00,0.0,[2]
314,2018-05-10 11:40:00,2018-05-10 11:40:00,0.0,[1]
315,2018-05-10 12:20:00,2018-05-10 12:35:00,15.0,[2]
316,2018-05-16 11:35:00,2018-05-16 11:45:00,10.0,[0]
317,2018-05-16 17:35:00,2018-05-16 18:35:00,60.0,[2]
318,2018-05-16 20:55:00,2018-05-16 21:00:00,5.0,[0]
319,2018-05-16 22:10:00,2018-05-16 22:20:00,10.0,[2]
320,2018-05-17 17:20:00,2018-05-17 17:20:00,0.0,[2]
321,2018-05-17 22:55:00,2018-05-17 22:55:00,0.0,[2]
322,2018-05-18 08:25:00,2018-05-18 08:25:00,0.0,[2]
323,2018-05-18 18:20:00,2018-05-18 18:20:00,0.0,[2]
324,2018-05-19 14:15:00,2018-05-19 14:15:00,0.0,[2]
325,2018-05-20 20:05:00,2018-05-20 20:05:00,0.0,[2]
326,2018-05-21 02:35:00,2018-05-21 02:35:00,0.0,[2]
327,2018-05-22 00:40:00,2018-05-22 01:00:00,20.0,[2]
328,2018-05-23 22:20:00,2018-05-23 22:25:00,5.0,[1]
329,2018-05-23 22:55:00,2018-05-23 23:05:00,10.0,[2]
330,2018-05-23 23:30:00,2018-05-23 23:30:00,0.0,[0]
331,2018-05-24 00:15:00,2018-05-24 00:25:00,10.0,[2]
332,2018-05-24 01:35:00,2018-05-24 01:35:00,0.0,[0]
333,2018-05-25 06:20:00,2018-05-25 06:30:00,10.0,[2]
334,2018-05-25 22:05:00,2018-05-25 22:15:00,10.0,[2]
335,2018-05-26 20:30:00,2018-05-26 20:30:00,0.0,[2]
336,2018-05-26 20:55:00,2018-05-26 20:55:00,0.0,[2]
337,2018-05-26 23:05:00,2018-05-26 23:05:00,0.0,[2]
338,2018-05-29 00:20:00,2018-05-29 00:20:00,0.0,[2]
339,2018-05-29 01:05:00,2018-05-29 01:10:00,5.0,[2]
340,2018-05-29 10:45:00,2018-05-29 10:45:00,0.0,[2]
341,2018-05-29 16:50:00,2018-05-29 16:50:00,0.0,[2]
342,2018-05-30 03:45:00,2018-05-30 03:45:00,0.0,[2]
343,2018-05-30 14:35:00,2018-05-30 14:45:00,10.0,[2]
344,2018-05-31 08:05:00,2018-05-31 08:25:00,20.0,[2]
345,2018-05-31 08:45:00,2018-05-31 09:05:00,20.0,[2]
346,2018-05-31 09:40:00,2018-05-31 09:55:00,15.0,[2]
347,2018-06-01 02:40:00,2018-06-01 03:00:00,20.0,[2]
348,2018-06-02 06:55:00,2018-06-02 07:05:00,10.0,[2]
349,2018-06-02 11:15:00,2018-06-02 11:15:00,0.0,[2]
350,2018-06-02 11:35:00,2018-06-02 11:40:00,5.0,[2]
351,2018-06-02 16:25:00,2018-06-02 16:25:00,0.0,[2]
352,2018-06-04 15:55:00,2018-06-04 15:55:00,0.0,[0]
353,2018-06-04 19:35:00,2018-06-04 20:00:00,25.0,[2]
354,2018-06-05 01:20:00,2018-06-05 01:30:00,10.0,[2]
355,2018-06-05 04:15:00,2018-06-05 04:15:00,0.0,[2]
356,2018-06-05 09:25:00,2018-06-05 09:50:00,25.0,[2]
357,2018-06-05 10:50:00,2018-06-05 11:30:00,40.0,[2]
358,2018-06-05 12:00:00,2018-06-05 12:30:00,30.0,"[2, 1]"
359,2018-06-07 05:35:00,2018-06-07 07:15:00,100.0,[2]
360,2018-06-07 08:00:00,2018-06-07 08:00:00,0.0,[2]
361,2018-06-07 08:25:00,2018-06-07 09:40:00,75.0,[2]
362,2018-06-07 10:30:00,2018-06-07 10:30:00,0.0,[2]
363,2018-06-07 11:10:00,2018-06-07 11:50:00,40.0,[2]
364,2018-06-09 22:50:00,2018-06-09 22:50:00,0.0,[2]
365,2018-06-09 23:10:00,2018-06-09 23:25:00,15.0,"[0, 2]"
366,2018-06-10 00:35:00,2018-06-10 00:35:00,0.0,[2]
367,2018-06-10 04:50:00,2018-06-10 05:05:00,15.0,[2]
368,2018-06-10 05:50:00,2018-06-10 05:55:00,5.0,[2]
369,2018-06-10 06:20:00,2018-06-10 06:25:00,5.0,[2]
370,2018-06-10 15:10:00,2018-06-10 15:15:00,5.0,[2]
371,2018-06-10 15:55:00,2018-06-10 15:55:00,0.0,[2]
372,2018-06-11 20:05:00,2018-06-11 20:05:00,0.0,[2]
373,2018-06-12 01:20:00,2018-06-12 01:30:00,10.0,[2]
374,2018-06-12 03:45:00,2018-06-12 03:45:00,0.0,[2]
375,2018-06-12 04:25:00,2018-06-12 04:25:00,0.0,[2]
376,2018-06-12 10:40:00,2018-06-12 10:40:00,0.0,[2]
377,2018-06-15 13:35:00,2018-06-15 13:35:00,0.0,[0]
378,2018-06-16 09:00:00,2018-06-16 09:25:00,25.0,[2]
379,2018-06-18 05:45:00,2018-06-18 06:30:00,45.0,[2]
380,2018-06-18 06:50:00,2018-06-18 06:50:00,0.0,[2]
381,2018-06-18 07:20:00,2018-06-18 07:55:00,35.0,[2]
382,2018-06-18 13:00:00,2018-06-18 13:00:00,0.0,[2]
383,2018-06-18 20:25:00,2018-06-18 20:50:00,25.0,[2]
384,2018-06-18 22:25:00,2018-06-18 22:25:00,0.0,[2]
385,2018-06-18 23:05:00,2018-06-18 23:05:00,0.0,[2]
386,2018-06-19 15:20:00,2018-06-19 16:10:00,50.0,[2]
387,2018-06-19 17:00:00,2018-06-19 17:20:00,20.0,[2]
388,2018-06-19 19:20:00,2018-06-19 19:30:00,10.0,[2]
389,2018-06-19 20:40:00,2018-06-19 20:50:00,10.0,[2]
390,2018-06-19 22:15:00,2018-06-19 22:15:00,0.0,[2]
391,2018-06-19 23:05:00,2018-06-19 23:05:00,0.0,[1]
392,2018-06-21 02:50:00,2018-06-21 02:50:00,0.0,[1]
393,2018-06-21 17:00:00,2018-06-21 17:10:00,10.0,"[1, 0]"
394,2018-06-21 17:40:00,2018-06-21 18:00:00,20.0,[2]
395,2018-06-21 18:55:00,2018-06-21 18:55:00,0.0,[2]
396,2018-06-21 20:20:00,2018-06-21 20:30:00,10.0,[2]
397,2018-06-21 20:50:00,2018-06-21 20:50:00,0.0,[2]
398,2018-06-21 22:50:00,2018-06-21 22:50:00,0.0,[2]
399,2018-06-22 15:50:00,2018-06-22 15:50:00,0.0,[2]
400,2018-06-22 18:30:00,2018-06-22 18:30:00,0.0,[2]
401,2018-06-23 10:25:00,2018-06-23 10:25:00,0.0,[2]
402,2018-06-23 18:00:00,2018-06-23 18:00:00,0.0,[2]
403,2018-06-23 21:25:00,2018-06-23 21:25:00,0.0,[2]
404,2018-06-24 00:25:00,2018-06-24 00:45:00,20.0,[2]
405,2018-06-24 04:50:00,2018-06-24 05:05:00,15.0,[2]
406,2018-06-24 05:45:00,2018-06-24 05:45:00,0.0,[2]
407,2018-06-24 21:45:00,2018-06-24 21:50:00,5.0,[2]
408,2018-06-25 01:05:00,2018-06-25 01:05:00,0.0,[0]
409,2018-06-25 12:00:00,2018-06-25 12:10:00,10.0,[2]
410,2018-06-26 12:10:00,2018-06-26 12:10:00,0.0,[2]
411,2018-06-27 15:45:00,2018-06-27 15:45:00,0.0,[1]
412,2018-06-27 16:45:00,2018-06-27 17:15:00,30.0,[2]
413,2018-06-27 18:00:00,2018-06-27 18:00:00,0.0,[2]
414,2018-06-27 20:40:00,2018-06-27 20:40:00,0.0,[2]
415,2018-06-28 11:35:00,2018-06-28 12:20:00,45.0,[2]
416,2018-06-28 13:20:00,2018-06-28 13:25:00,5.0,[2]
417,2018-06-28 13:45:00,2018-06-28 13:55:00,10.0,[2]
418,2018-06-29 01:05:00,2018-06-29 01:25:00,20.0,[2]
419,2018-06-29 09:20:00,2018-06-29 09:20:00,0.0,[2]
420,2018-06-29 19:50:00,2018-06-29 19:50:00,0.0,[2]
421,2018-06-30 06:45:00,2018-06-30 06:45:00,0.0,[2]
422,2018-06-30 19:20:00,2018-06-30 19:20:00,0.0,[2]
423,2018-06-30 20:35:00,2018-06-30 20:50:00,15.0,[2]
424,2018-06-30 21:40:00,2018-06-30 22:20:00,40.0,[2]
425,2018-07-01 01:35:00,2018-07-01 01:40:00,5.0,[2]
426,2018-07-02 02:25:00,2018-07-02 02:30:00,5.0,[2]
427,2018-07-02 09:45:00,2018-07-02 09:50:00,5.0,[2]
428,2018-07-02 14:45:00,2018-07-02 14:55:00,10.0,[2]
429,2018-07-02 17:20:00,2018-07-02 17:20:00,0.0,[2]
430,2018-07-02 17:55:00,2018-07-02 17:55:00,0.0,[2]
431,2018-07-02 18:25:00,2018-07-02 18:50:00,25.0,[2]
432,2018-07-03 00:40:00,2018-07-03 01:25:00,45.0,[2]
433,2018-07-03 11:50:00,2018-07-03 11:55:00,5.0,[2]
434,2018-07-09 20:05:00,2018-07-09 20:30:00,25.0,[1]
435,2018-07-10 13:50:00,2018-07-10 13:55:00,5.0,[2]
436,2018-07-10 14:25:00,2018-07-10 15:20:00,55.0,[2]
437,2018-07-10 15:45:00,2018-07-10 15:45:00,0.0,[2]
438,2018-07-10 16:15:00,2018-07-10 16:20:00,5.0,[2]
439,2018-07-10 16:50:00,2018-07-10 17:05:00,15.0,[2]
440,2018-07-10 18:00:00,2018-07-10 18:05:00,5.0,[2]
441,2018-07-10 19:20:00,2018-07-10 19:20:00,0.0,[2]
442,2018-07-13 21:05:00,2018-07-13 21:05:00,0.0,[1]
443,2018-07-13 21:25:00,2018-07-13 21:25:00,0.0,[2]
444,2018-07-13 22:00:00,2018-07-13 22:25:00,25.0,[2]
445,2018-07-13 23:35:00,2018-07-13 23:55:00,20.0,[2]
446,2018-07-14 00:50:00,2018-07-14 01:05:00,15.0,[2]
447,2018-07-14 01:25:00,2018-07-14 01:50:00,25.0,[2]
448,2018-07-14 02:10:00,2018-07-14 02:15:00,5.0,[2]
449,2018-07-14 03:45:00,2018-07-14 04:00:00,15.0,[2]
450,2018-07-14 10:40:00,2018-07-14 10:40:00,0.0,[2]
451,2018-07-15 05:20:00,2018-07-15 05:20:00,0.0,[1]
452,2018-07-15 06:00:00,2018-07-15 07:05:00,65.0,[2]
453,2018-07-15 08:00:00,2018-07-15 08:15:00,15.0,[2]
454,2018-07-16 09:50:00,2018-07-16 10:10:00,20.0,[2]
455,2018-07-16 15:40:00,2018-07-16 15:55:00,15.0,[2]
456,2018-07-19 07:35:00,2018-07-19 07:40:00,5.0,[2]
457,2018-07-28 22:10:00,2018-07-28 22:15:00,5.0,[2]
458,2018-07-29 22:55:00,2018-07-29 23:20:00,25.0,[2]
459,2018-07-30 03:10:00,2018-07-30 03:20:00,10.0,[2]
460,2018-07-31 15:00:00,2018-07-31 15:00:00,0.0,[2]
461,2018-08-01 00:05:00,2018-08-01 00:50:00,45.0,"[0, 2]"
462,2018-08-03 00:05:00,2018-08-03 00:10:00,5.0,[2]
463,2018-08-05 04:15:00,2018-08-05 04:15:00,0.0,[2]
464,2018-08-05 04:40:00,2018-08-05 04:40:00,0.0,[2]
465,2018-08-05 05:50:00,2018-08-05 05:50:00,0.0,[2]
466,2018-08-06 17:35:00,2018-08-06 17:55:00,20.0,[2]
467,2018-08-06 18:25:00,2018-08-06 18:25:00,0.0,[2]
468,2018-08-12 16:40:00,2018-08-12 17:20:00,40.0,[2]
469,2018-08-12 18:30:00,2018-08-12 18:30:00,0.0,[2]
470,2018-08-13 22:55:00,2018-08-13 23:00:00,5.0,[2]
471,2018-08-14 12:00:00,2018-08-14 12:15:00,15.0,[2]
472,2018-08-15 07:40:00,2018-08-15 07:40:00,0.0,[2]
473,2018-08-19 14:50:00,2018-08-19 14:50:00,0.0,[2]
474,2018-08-20 17:25:00,2018-08-20 17:25:00,0.0,[2]
475,2018-08-20 17:55:00,2018-08-20 18:10:00,15.0,[2]
476,2018-08-21 12:55:00,2018-08-21 13:20:00,25.0,[2]
477,2018-08-21 14:30:00,2018-08-21 14:30:00,0.0,[2]
478,2018-08-22 19:25:00,2018-08-22 19:50:00,25.0,[2]
479,2018-08-23 01:25:00,2018-08-23 01:25:00,0.0,[2]
480,2018-08-23 02:10:00,2018-08-23 02:15:00,5.0,"[2, 0]"
481,2018-08-23 14:35:00,2018-08-23 14:35:00,0.0,[2]
482,2018-08-23 18:10:00,2018-08-23 18:25:00,15.0,[2]
483,2018-08-24 22:55:00,2018-08-24 23:45:00,50.0,[2]
484,2018-08-28 05:45:00,2018-08-28 05:50:00,5.0,[2]
485,2018-08-28 07:30:00,2018-08-28 07:35:00,5.0,[2]
486,2018-08-28 07:55:00,2018-08-28 07:55:00,0.0,[2]
487,2018-08-28 11:10:00,2018-08-28 11:10:00,0.0,[2]
488,2018-09-01 22:55:00,2018-09-01 23:05:00,10.0,[1]
489,2018-09-02 22:35:00,2018-09-02 22:45:00,10.0,[3]
490,2018-09-02 23:10:00,2018-09-02 23:30:00,20.0,[2]
491,2018-09-03 00:05:00,2018-09-03 02:05:00,120.0,[2]
492,2018-09-03 02:40:00,2018-09-03 02:50:00,10.0,[2]
493,2018-09-03 03:10:00,2018-09-03 03:50:00,40.0,[2]
494,2018-09-03 04:50:00,2018-09-03 05:25:00,35.0,[2]
495,2018-09-03 07:55:00,2018-09-03 07:55:00,0.0,[2]
496,2018-09-03 09:30:00,2018-09-03 09:30:00,0.0,[2]
497,2018-09-03 09:50:00,2018-09-03 09:55:00,5.0,[2]
498,2018-09-03 10:20:00,2018-09-03 10:40:00,20.0,[2]
499,2018-09-04 02:05:00,2018-09-04 02:05:00,0.0,[2]
500,2018-09-15 09:15:00,2018-09-15 09:25:00,10.0,[1]
501,2018-09-17 02:55:00,2018-09-17 03:00:00,5.0,[1]
502,2018-09-17 16:00:00,2018-09-17 16:00:00,0.0,[1]
503,2018-09-17 16:35:00,2018-09-17 16:35:00,0.0,[1]
504,2018-09-17 17:35:00,2018-09-17 19:55:00,140.0,[2]
505,2018-09-18 03:30:00,2018-09-18 03:30:00,0.0,[2]
506,2018-09-19 16:25:00,2018-09-19 16:35:00,10.0,[2]
507,2018-09-22 10:50:00,2018-09-22 10:50:00,0.0,[2]
508,2018-09-25 13:25:00,2018-09-25 13:35:00,10.0,[2]
509,2018-09-25 14:15:00,2018-09-25 15:20:00,65.0,[2]
510,2018-10-16 08:30:00,2018-10-16 08:50:00,20.0,"[1, 3]"
511,2018-10-18 09:50:00,2018-10-18 12:40:00,170.0,"[3, 2]"
512,2018-10-18 13:10:00,2018-10-18 19:15:00,365.0,[2]
513,2018-10-18 21:20:00,2018-10-18 21:20:00,0.0,[2]
514,2018-10-18 23:05:00,2018-10-18 23:40:00,35.0,[2]
515,2018-10-19 00:15:00,2018-10-19 00:15:00,0.0,[2]
516,2018-10-19 00:45:00,2018-10-19 00:45:00,0.0,[2]
517,2018-10-19 01:10:00,2018-10-19 01:25:00,15.0,[2]
518,2018-10-19 04:00:00,2018-10-19 04:00:00,0.0,[2]
519,2018-10-22 19:40:00,2018-10-22 20:35:00,55.0,[2]
520,2018-10-23 16:40:00,2018-10-23 16:40:00,0.0,[2]
521,2018-10-23 17:05:00,2018-10-23 17:55:00,50.0,[2]
522,2018-10-23 18:20:00,2018-10-23 18:30:00,10.0,[2]
523,2018-10-25 17:40:00,2018-10-25 18:15:00,35.0,[2]
524,2018-10-26 16:55:00,2018-10-26 17:35:00,40.0,[2]
525,2018-11-03 23:35:00,2018-11-03 23:40:00,5.0,"[2, 0]"
526,2018-11-04 17:05:00,2018-11-04 17:05:00,0.0,[1]
527,2018-11-04 18:40:00,2018-11-04 18:40:00,0.0,[1]
528,2018-11-04 19:20:00,2018-11-04 19:45:00,25.0,[1]
529,2018-11-04 20:30:00,2018-11-04 20:40:00,10.0,[1]
530,2018-11-05 11:05:00,2018-11-05 11:05:00,0.0,[1]
531,2018-11-05 11:40:00,2018-11-05 12:30:00,50.0,[2]
532,2018-11-05 14:25:00,2018-11-05 14:45:00,20.0,[2]
533,2018-11-06 06:50:00,2018-11-06 06:50:00,0.0,[2]
534,2018-11-13 15:30:00,2018-11-13 15:30:00,0.0,[2]
535,2018-11-13 18:15:00,2018-11-13 18:15:00,0.0,[2]
536,2018-11-19 09:40:00,2018-11-19 09:40:00,0.0,[2]
537,2018-11-20 15:35:00,2018-11-20 16:00:00,25.0,[2]
538,2018-11-20 18:05:00,2018-11-20 18:05:00,0.0,[2]
539,2018-11-27 05:45:00,2018-11-27 05:55:00,10.0,[0]
540,2018-11-30 06:35:00,2018-11-30 06:35:00,0.0,[1]
541,2018-11-30 07:00:00,2018-11-30 08:10:00,70.0,[2]
542,2018-11-30 08:35:00,2018-11-30 08:40:00,5.0,[2]
543,2018-11-30 09:15:00,2018-11-30 09:40:00,25.0,[2]
544,2018-12-07 05:30:00,2018-12-07 05:30:00,0.0,[1]
545,2018-12-07 06:05:00,2018-12-07 07:50:00,105.0,[2]
546,2018-12-07 12:40:00,2018-12-07 12:40:00,0.0,[2]
547,2018-12-09 05:15:00,2018-12-09 05:40:00,25.0,[2]
548,2018-12-09 23:30:00,2018-12-09 23:30:00,0.0,[2]
549,2018-12-10 20:35:00,2018-12-10 20:35:00,0.0,[2]
550,2018-12-13 19:15:00,2018-12-13 19:15:00,0.0,[2]
551,2018-12-13 19:35:00,2018-12-13 20:10:00,35.0,[2]
552,2018-12-13 20:35:00,2018-12-13 20:55:00,20.0,[2]
553,2018-12-22 12:10:00,2018-12-22 12:15:00,5.0,[2]
554,2018-12-22 12:50:00,2018-12-22 13:00:00,10.0,[2]
555,2019-01-03 09:45:00,2019-01-03 09:45:00,0.0,[1]
556,2019-01-03 10:10:00,2019-01-03 11:20:00,70.0,[2]
557,2019-01-03 11:40:00,2019-01-03 11:40:00,0.0,[2]
558,2019-01-08 12:05:00,2019-01-08 12:50:00,45.0,[2]
559,2019-01-12 05:45:00,2019-01-12 07:30:00,105.0,[2]
560,2019-01-18 12:45:00,2019-01-18 13:30:00,45.0,[2]
561,2019-01-23 12:10:00,2019-01-23 12:20:00,10.0,[2]
562,2019-02-01 04:00:00,2019-02-01 04:05:00,5.0,[2]
563,2019-02-01 05:05:00,2019-02-01 05:05:00,0.0,[2]
564,2019-02-01 05:30:00,2019-02-01 05:45:00,15.0,[2]
565,2019-02-01 11:45:00,2019-02-01 11:45:00,0.0,[2]
566,2019-02-01 12:10:00,2019-02-01 13:15:00,65.0,[2]
567,2019-02-01 16:25:00,2019-02-01 16:40:00,15.0,[2]
568,2019-02-04 18:05:00,2019-02-04 18:50:00,45.0,[2]
569,2019-02-08 00:15:00,2019-02-08 00:45:00,30.0,[2]
570,2019-02-11 18:30:00,2019-02-11 18:30:00,0.0,[2]
571,2019-02-11 19:10:00,2019-02-11 19:55:00,45.0,[2]
572,2019-02-11 20:15:00,2019-02-11 20:15:00,0.0,[2]
573,2019-02-12 09:00:00,2019-02-12 09:10:00,10.0,[2]
574,2019-02-12 09:50:00,2019-02-12 10:00:00,10.0,[2]
575,2019-02-17 03:15:00,2019-02-17 03:20:00,5.0,[2]
576,2019-02-17 04:35:00,2019-02-17 04:40:00,5.0,[2]
577,2019-02-17 05:05:00,2019-02-17 05:20:00,15.0,[2]
578,2019-02-17 06:35:00,2019-02-17 08:25:00,110.0,[2]
579,2019-02-17 08:45:00,2019-02-17 11:45:00,180.0,[2]
580,2019-02-17 12:05:00,2019-02-17 12:20:00,15.0,[2]
581,2019-02-17 13:20:00,2019-02-17 14:30:00,70.0,[2]
582,2019-02-17 15:20:00,2019-02-17 15:20:00,0.0,[2]
583,2019-02-17 16:15:00,2019-02-17 16:30:00,15.0,[2]
584,2019-02-17 16:50:00,2019-02-17 16:50:00,0.0,[2]
585,2019-02-17 17:20:00,2019-02-17 19:25:00,125.0,[2]
586,2019-02-17 20:25:00,2019-02-17 20:30:00,5.0,[2]
587,2019-02-17 22:05:00,2019-02-17 22:30:00,25.0,[2]
588,2019-02-17 22:50:00,2019-02-17 22:50:00,0.0,[2]
589,2019-02-18 00:20:00,2019-02-18 00:45:00,25.0,[2]
590,2019-02-18 09:35:00,2019-02-18 10:15:00,40.0,[2]
591,2019-02-25 15:40:00,2019-02-25 16:10:00,30.0,[2]
592,2019-02-25 17:00:00,2019-02-25 17:10:00,10.0,[2]
593,2019-02-25 17:30:00,2019-02-25 18:20:00,50.0,[2]
594,2019-02-25 19:00:00,2019-02-25 19:00:00,0.0,[2]
595,2019-02-25 21:20:00,2019-02-25 21:20:00,0.0,[2]
596,2019-03-09 05:05:00,2019-03-09 05:40:00,35.0,[2]
597,2019-03-09 06:10:00,2019-03-09 06:15:00,5.0,"[2, 1]"
598,2019-03-17 20:05:00,2019-03-17 20:05:00,0.0,[1]
599,2019-03-17 20:40:00,2019-03-17 21:05:00,25.0,[2]
600,2019-03-18 16:30:00,2019-03-18 17:05:00,35.0,[2]
601,2019-03-18 18:00:00,2019-03-18 18:20:00,20.0,[2]
602,2019-03-18 19:20:00,2019-03-18 19:20:00,0.0,[2]
603,2019-03-23 03:15:00,2019-03-23 03:35:00,20.0,[2]
604,2019-03-27 16:40:00,2019-03-27 16:40:00,0.0,[2]
605,2019-03-27 17:05:00,2019-03-27 17:05:00,0.0,[2]
606,2019-03-28 21:15:00,2019-03-28 21:15:00,0.0,[0]
607,2019-03-31 11:25:00,2019-03-31 11:40:00,15.0,[2]
608,2019-04-04 15:55:00,2019-04-04 16:00:00,5.0,[2]
609,2019-04-07 14:20:00,2019-04-07 14:20:00,0.0,[2]
610,2019-04-07 16:20:00,2019-04-07 16:35:00,15.0,"[2, 1]"
611,2019-04-07 17:05:00,2019-04-07 17:05:00,0.0,[2]
612,2019-04-07 17:40:00,2019-04-07 18:15:00,35.0,[2]
613,2019-04-07 19:30:00,2019-04-07 19:35:00,5.0,[2]
614,2019-04-07 20:10:00,2019-04-07 20:10:00,0.0,[0]
615,2019-04-07 20:55:00,2019-04-07 21:00:00,5.0,[0]
616,2019-04-08 14:25:00,2019-04-08 15:20:00,55.0,[2]
617,2019-04-08 16:25:00,2019-04-08 16:25:00,0.0,[2]
618,2019-04-08 17:55:00,2019-04-08 18:10:00,15.0,[2]
619,2019-04-09 02:15:00,2019-04-09 02:15:00,0.0,[2]
620,2019-04-10 18:00:00,2019-04-10 18:00:00,0.0,[2]
621,2019-04-11 04:50:00,2019-04-11 04:50:00,0.0,[2]
622,2019-04-11 05:35:00,2019-04-11 05:35:00,0.0,[2]
623,2019-04-13 15:30:00,2019-04-13 15:30:00,0.0,[2]
624,2019-04-13 15:55:00,2019-04-13 17:10:00,75.0,[2]
625,2019-04-13 17:35:00,2019-04-13 17:45:00,10.0,[2]
626,2019-04-13 19:50:00,2019-04-13 19:50:00,0.0,[2]
627,2019-04-14 16:25:00,2019-04-14 16:25:00,0.0,[2]
628,2019-04-14 16:50:00,2019-04-14 16:50:00,0.0,[2]
629,2019-04-14 18:40:00,2019-04-14 18:45:00,5.0,[2]
630,2019-04-16 04:30:00,2019-04-16 04:35:00,5.0,[1]
631,2019-04-16 05:00:00,2019-04-16 05:40:00,40.0,[2]
632,2019-04-16 08:05:00,2019-04-16 08:05:00,0.0,[2]
633,2019-04-16 08:30:00,2019-04-16 08:30:00,0.0,[2]
634,2019-04-16 09:25:00,2019-04-16 09:25:00,0.0,[2]
635,2019-04-16 14:45:00,2019-04-16 14:50:00,5.0,[2]
636,2019-04-16 15:50:00,2019-04-16 15:55:00,5.0,[2]
637,2019-04-16 16:25:00,2019-04-16 16:25:00,0.0,[2]
638,2019-04-16 18:45:00,2019-04-16 18:50:00,5.0,[2]
639,2019-04-21 08:30:00,2019-04-21 08:45:00,15.0,[2]
640,2019-04-21 09:20:00,2019-04-21 09:40:00,20.0,[2]
641,2019-04-29 08:00:00,2019-04-29 08:10:00,10.0,[2]
642,2019-04-29 10:30:00,2019-04-29 10:30:00,0.0,[2]
643,2019-04-29 10:50:00,2019-04-29 10:50:00,0.0,[2]
644,2019-04-30 12:45:00,2019-04-30 13:00:00,15.0,[2]
645,2019-04-30 15:05:00,2019-04-30 15:05:00,0.0,[2]
646,2019-04-30 21:50:00,2019-04-30 21:50:00,0.0,[2]
647,2019-05-02 07:15:00,2019-05-02 07:15:00,0.0,[2]
648,2019-05-04 10:30:00,2019-05-04 10:50:00,20.0,[2]
649,2019-05-04 11:15:00,2019-05-04 11:20:00,5.0,[2]
650,2019-05-04 20:55:00,2019-05-04 20:55:00,0.0,[2]
651,2019-05-04 23:00:00,2019-05-04 23:05:00,5.0,[2]
652,2019-05-05 00:45:00,2019-05-05 00:45:00,0.0,[2]
653,2019-05-14 03:45:00,2019-05-14 04:35:00,50.0,[2]
654,2019-05-14 09:35:00,2019-05-14 10:00:00,25.0,[2]
655,2019-05-14 10:25:00,2019-05-14 10:25:00,0.0,[2]
656,2019-05-14 11:50:00,2019-05-14 12:15:00,25.0,[2]
657,2019-05-14 13:05:00,2019-05-14 13:25:00,20.0,[2]
658,2019-05-14 14:00:00,2019-05-14 14:25:00,25.0,[2]
659,2019-05-14 14:45:00,2019-05-14 14:50:00,5.0,[2]
660,2019-05-14 15:10:00,2019-05-14 15:10:00,0.0,[2]
661,2019-05-15 00:10:00,2019-05-15 00:10:00,0.0,[2]
662,2019-05-15 06:15:00,2019-05-15 06:15:00,0.0,[2]
663,2019-05-21 03:00:00,2019-05-21 03:10:00,10.0,[2]
664,2019-06-03 01:35:00,2019-06-03 02:05:00,30.0,[2]
665,2019-06-21 18:15:00,2019-06-21 18:15:00,0.0,[1]
666,2019-06-22 01:30:00,2019-06-22 01:30:00,0.0,[1]
667,2019-06-22 01:50:00,2019-06-22 03:30:00,100.0,"[1, 2]"
668,2019-06-22 03:50:00,2019-06-22 05:25:00,95.0,[2]
669,2019-06-22 05:55:00,2019-06-22 14:25:00,510.0,[2]
670,2019-06-22 14:50:00,2019-06-22 15:10:00,20.0,[2]
671,2019-06-22 15:50:00,2019-06-22 15:50:00,0.0,[2]
672,2019-06-22 16:15:00,2019-06-22 17:15:00,60.0,[2]
673,2019-06-27 00:20:00,2019-06-27 00:20:00,0.0,[2]
674,2019-06-28 12:20:00,2019-06-28 12:20:00,0.0,[2]
675,2019-07-01 03:30:00,2019-07-01 04:00:00,30.0,[2]
676,2019-07-08 16:35:00,2019-07-08 16:35:00,0.0,[2]
677,2019-07-08 21:40:00,2019-07-08 21:40:00,0.0,[2]
678,2019-07-09 01:05:00,2019-07-09 01:30:00,25.0,[2]
679,2019-07-09 02:00:00,2019-07-09 02:05:00,5.0,[2]
680,2019-07-09 11:35:00,2019-07-09 11:35:00,0.0,[2]
681,2019-07-16 08:55:00,2019-07-16 09:20:00,25.0,[2]
682,2019-07-16 09:40:00,2019-07-16 09:45:00,5.0,[2]
683,2019-07-19 00:35:00,2019-07-19 00:40:00,5.0,[2]
684,2019-07-19 01:20:00,2019-07-19 02:15:00,55.0,[2]
685,2019-07-19 16:00:00,2019-07-19 16:05:00,5.0,[2]
686,2019-07-19 16:30:00,2019-07-19 17:45:00,75.0,[2]
687,2019-07-19 18:10:00,2019-07-19 18:10:00,0.0,[2]
688,2019-07-19 18:30:00,2019-07-19 18:45:00,15.0,[2]
689,2019-07-19 19:45:00,2019-07-19 19:45:00,0.0,[2]
690,2019-07-19 20:05:00,2019-07-19 21:15:00,70.0,[2]
691,2019-07-31 16:00:00,2019-07-31 16:50:00,50.0,[2]
692,2019-08-14 10:15:00,2019-08-14 10:50:00,35.0,[1]
693,2019-08-14 11:45:00,2019-08-14 13:55:00,130.0,[2]
694,2019-08-14 14:35:00,2019-08-14 17:55:00,200.0,[2]
695,2019-08-14 18:55:00,2019-08-14 19:00:00,5.0,[2]
696,2019-08-14 20:55:00,2019-08-14 21:20:00,25.0,[2]
697,2019-08-15 13:35:00,2019-08-15 13:55:00,20.0,[2]
698,2019-08-16 11:10:00,2019-08-16 11:10:00,0.0,[2]
699,2019-08-17 06:25:00,2019-08-17 06:25:00,0.0,[2]
700,2019-08-17 13:30:00,2019-08-17 14:10:00,40.0,[2]
701,2019-08-17 14:35:00,2019-08-17 16:25:00,110.0,[2]
702,2019-08-17 17:35:00,2019-08-17 17:35:00,0.0,[2]
703,2019-08-19 16:55:00,2019-08-19 16:55:00,0.0,[2]
704,2019-08-23 11:20:00,2019-08-23 11:20:00,0.0,[2]
705,2019-08-31 04:40:00,2019-08-31 05:05:00,25.0,"[0, 2]"
706,2019-08-31 05:35:00,2019-08-31 05:45:00,10.0,[2]
707,2019-09-03 21:45:00,2019-09-03 21:45:00,0.0,[2]
708,2019-09-03 22:25:00,2019-09-03 22:35:00,10.0,[2]
709,2019-09-14 07:15:00,2019-09-14 07:15:00,0.0,[2]
710,2019-10-24 09:00:00,2019-10-24 09:10:00,10.0,[1]
711,2019-10-26 08:55:00,2019-10-26 08:55:00,0.0,[2]
712,2019-10-26 09:20:00,2019-10-26 10:50:00,90.0,[2]
713,2019-10-26 11:10:00,2019-10-26 11:50:00,40.0,[2]
714,2019-10-26 12:30:00,2019-10-26 12:30:00,0.0,[1]
715,2019-10-26 13:25:00,2019-10-26 13:25:00,0.0,[2]
716,2019-10-26 14:50:00,2019-10-26 14:55:00,5.0,[2]
717,2019-10-27 05:50:00,2019-10-27 06:10:00,20.0,"[1, 2]"
718,2019-10-27 06:35:00,2019-10-27 06:45:00,10.0,[2]
719,2019-10-27 07:15:00,2019-10-27 07:25:00,10.0,[2]
720,2019-10-27 08:05:00,2019-10-27 09:00:00,55.0,[2]
721,2019-10-27 13:00:00,2019-10-27 13:00:00,0.0,[2]
722,2019-10-27 18:00:00,2019-10-27 18:30:00,30.0,[2]
723,2019-10-29 12:10:00,2019-10-29 12:15:00,5.0,[2]
724,2019-11-03 15:40:00,2019-11-03 15:40:00,0.0,[2]
725,2019-11-03 18:05:00,2019-11-03 18:05:00,0.0,[2]
726,2019-11-03 20:45:00,2019-11-03 21:00:00,15.0,[2]
727,2019-11-03 21:20:00,2019-11-03 21:20:00,0.0,[2]
728,2019-11-04 19:15:00,2019-11-04 19:30:00,15.0,[2]
729,2019-11-05 00:25:00,2019-11-05 00:50:00,25.0,[2]
730,2019-11-05 09:35:00,2019-11-05 09:35:00,0.0,[2]
731,2019-11-05 20:50:00,2019-11-05 21:15:00,25.0,[2]
732,2019-11-08 19:20:00,2019-11-08 19:55:00,35.0,[1]
733,2019-11-08 21:10:00,2019-11-08 21:10:00,0.0,[2]
734,2019-11-14 04:10:00,2019-11-14 04:10:00,0.0,[2]
735,2019-11-18 19:35:00,2019-11-18 19:35:00,0.0,[2]
736,2019-11-20 05:40:00,2019-11-20 05:40:00,0.0,[2]
737,2019-11-22 01:20:00,2019-11-22 01:20:00,0.0,[2]
738,2019-11-28 14:00:00,2019-11-28 14:25:00,25.0,[2]
739,2019-12-24 04:55:00,2019-12-24 04:55:00,0.0,[1]
740,2019-12-24 23:10:00,2019-12-24 23:10:00,0.0,[1]
741,2019-12-25 00:25:00,2019-12-25 04:25:00,240.0,[2]
742,2019-12-25 05:05:00,2019-12-25 10:20:00,315.0,[2]
743,2020-01-16 13:40:00,2020-01-16 13:40:00,0.0,[2]
744,2020-01-18 10:00:00,2020-01-18 10:00:00,0.0,[2]
745,2020-01-29 04:25:00,2020-01-29 04:40:00,15.0,[2]
746,2020-02-12 10:15:00,2020-02-12 10:15:00,0.0,[2]
747,2020-02-16 00:45:00,2020-02-16 00:55:00,10.0,[2]
748,2020-02-17 14:55:00,2020-02-17 14:55:00,0.0,[2]
749,2020-02-17 17:45:00,2020-02-17 17:45:00,0.0,[2]
750,2020-02-18 03:00:00,2020-02-18 03:25:00,25.0,[2]
751,2020-02-18 15:40:00,2020-02-18 15:40:00,0.0,[2]
752,2020-02-19 00:55:00,2020-02-19 00:55:00,0.0,[2]
753,2020-03-11 17:05:00,2020-03-11 17:20:00,15.0,[2]
754,2020-03-22 20:20:00,2020-03-22 20:25:00,5.0,[2]
755,2020-05-02 00:40:00,2020-05-02 01:10:00,30.0,[2]
756,2020-05-02 01:45:00,2020-05-02 01:55:00,10.0,[2]
757,2020-05-02 13:40:00,2020-05-02 13:45:00,5.0,[0]
758,2020-05-04 15:40:00,2020-05-04 15:40:00,0.0,[2]
759,2020-05-08 03:35:00,2020-05-08 03:35:00,0.0,[2]
760,2020-05-10 02:20:00,2020-05-10 02:20:00,0.0,[2]
761,2020-05-13 02:10:00,2020-05-13 02:10:00,0.0,[2]
762,2020-05-13 02:30:00,2020-05-13 02:30:00,0.0,[2]
763,2020-05-14 01:05:00,2020-05-14 01:05:00,0.0,[2]
764,2020-05-17 21:30:00,2020-05-17 21:30:00,0.0,[2]
765,2020-05-21 12:30:00,2020-05-21 12:30:00,0.0,[2]
766,2020-05-21 13:05:00,2020-05-21 13:05:00,0.0,[2]
767,2020-05-26 12:05:00,2020-05-26 12:15:00,10.0,[2]
768,2020-05-28 02:45:00,2020-05-28 03:10:00,25.0,[2]
769,2020-05-28 07:50:00,2020-05-28 07:55:00,5.0,[2]
770,2020-07-17 15:20:00,2020-07-17 15:20:00,0.0,[2]
771,2020-07-17 15:55:00,2020-07-17 15:55:00,0.0,[2]
772,2020-07-17 17:00:00,2020-07-17 17:15:00,15.0,[2]
773,2020-07-17 18:00:00,2020-07-17 18:00:00,0.0,[2]
774,2020-07-18 13:00:00,2020-07-18 13:00:00,0.0,[2]
775,2020-07-19 05:05:00,2020-07-19 05:15:00,10.0,[0]
776,2020-07-19 06:40:00,2020-07-19 07:15:00,35.0,[2]
777,2020-07-19 08:05:00,2020-07-19 08:25:00,20.0,[2]
778,2020-07-19 10:45:00,2020-07-19 10:45:00,0.0,[2]
779,2020-07-19 11:45:00,2020-07-19 11:45:00,0.0,[2]
780,2020-07-26 09:45:00,2020-07-26 09:55:00,10.0,"[1, 2]"
781,2020-07-26 10:40:00,2020-07-26 10:40:00,0.0,[2]
782,2020-07-26 12:30:00,2020-07-26 12:35:00,5.0,[2]
783,2020-07-26 13:05:00,2020-07-26 13:05:00,0.0,[2]
784,2020-07-30 12:30:00,2020-07-30 13:30:00,60.0,[2]
785,2020-07-30 13:50:00,2020-07-30 13:50:00,0.0,[2]
